{"cas_weight":0.999997079372406,"_runtime":59.995882,"l2_error":0.13901585340499878,"_wandb":{"runtime":59},"res_loss":1.0823386986658079e-07,"ics_grad_norm":0.00036630628164857626,"_timestamp":1.733130044209496e+09,"_step":29900,"tau":18.4350643157959,"u_pred":{"_type":"plotly-file","sha256":"d01822b4c5138faffdbd30bbfd503683f3f39a1405d62e01d97d88096a314d53","size":10993,"path":"media/plotly/u_pred_29800_d01822b4c5138faffdbd.plotly.json"},"res_grad_norm":7.449711847584695e-05,"ics_loss":2.0954757928848267e-09}