{"l2_error":0.23424287140369415,"res_grad_norm":0.733461320400238,"u_pred":{"path":"media/plotly/u_pred_9800_d683adff70364fbe4436.plotly.json","_type":"plotly-file","sha256":"d683adff70364fbe44363aedf039d77b9de3a87a15ec049239ff5cb7507df36e","size":11016},"res_loss":0.4848775267601013,"_wandb":{"runtime":15},"_step":9900,"_runtime":15.78505,"ics_loss":0.008519278839230537,"_timestamp":1.7327876538255072e+09,"ics_grad_norm":0.7072834968566895,"res_weight":1,"ics_weight":1,"tau":1.3963090181350708}