{"res_loss":0.007422256749123335,"C1":0.5398691892623901,"R0 subnet":{"sha256":"5d9ba7280c1e46261ff8053e03d1d61acbee5628a778cc66c21262c25c05e6c3","size":24527,"path":"media/plotly/R0 subnet_48000_5d9ba7280c1e46261ff8.plotly.json","_type":"plotly-file"},"_timestamp":1.742823050050503e+09,"ics_loss":1.3916650459577795e-05,"_runtime":71.028726,"_step":49000,"l2_error":0.050648320466279984,"_wandb":{"runtime":71},"data_loss":0.01266601774841547,"u1_pred":{"size":121809,"path":"media/images/u1_pred_48000_6290ed01e3fff002fafb.png","format":"png","width":600,"height":500,"_type":"image-file","sha256":"6290ed01e3fff002fafb3a8ab9fb0305594093abef8212d25b204caf88c4a554"},"R1":0.49857327342033386}