{"_wandb":{"runtime":42},"u_pred":{"_type":"plotly-file","sha256":"0a537ee513f5e1b2140b7c259158bf2661bea8cea75f2df4a328363dd0dc8234","size":11763,"path":"media/plotly/u_pred_39800_0a537ee513f5e1b2140b.plotly.json"},"_runtime":42.241674,"_timestamp":1.733411627999827e+09,"l2_error":0.09774916619062424,"ics_loss":1.3271710486151278e-07,"R0":23.578392028808594,"ics_weight":2.8751063346862793,"res_weight":1.2475156784057617,"C1":7.6773223876953125,"data_weight":1.290592074394226,"res_loss":0.01053939014673233,"R1":0.4996206760406494,"data_loss":0.21438884735107422,"_step":39900}