{"ics_loss":5.150070592208067e-07,"ics_grad_norm":0.005723137408494949,"_step":29900,"u_pred":{"size":11046,"path":"media/plotly/u_pred_29800_521ed4ebbdb4c417afca.plotly.json","_type":"plotly-file","sha256":"521ed4ebbdb4c417afca44c3d0e186a9e227595111ee511760ac2338dedb8e37"},"_runtime":46.190615,"tau":7.7945556640625,"_wandb":{"runtime":46},"res_grad_norm":0.0014063161797821522,"l2_error":0.08496261388063431,"res_loss":2.7095421728517977e-07,"_timestamp":1.7327916025231738e+09}