{"ics_grad_norm":0.0003748164454009384,"u_pred":{"_type":"plotly-file","sha256":"05f5be94012dc755a7973ac133f998670f89f94349603893b64f03c26c6a502d","size":11034,"path":"media/plotly/u_pred_9800_05f5be94012dc755a797.plotly.json"},"res_grad_norm":0.0015632753493264318,"res_loss":0.00042867730371654034,"_wandb":{"runtime":15},"res_weight":1,"tau":9.922775268554688,"ics_weight":1,"_step":9900,"ics_loss":2.0090737962163985e-09,"_timestamp":1.732699212864929e+09,"_runtime":15.685514,"l2_error":0.021082177758216858}