{"data_weight":0.5,"C":0.25015610456466675,"res_weight":1,"res_grad_norm":0.06071924790740013,"data_grad_norm":0.6816981434822083,"R":29.583572387695312,"_timestamp":1.733307907440893e+09,"ics_grad_norm":0.0991533100605011,"_step":44900,"_wandb":{"runtime":46},"u_pred":{"size":10571,"path":"media/plotly/u_pred_44800_4857790ade2c8d17a158.plotly.json","_type":"plotly-file","sha256":"4857790ade2c8d17a1589a4a312563d44effe08be4f6dafa21444d142d563a1a"},"res_loss":0.0029654214158654213,"_runtime":46.28821,"l2_error":0.05145447328686714,"ics_weight":0.5,"ics_loss":2.151075601577759,"data_loss":4.117495536804199}