{"ics_loss":3.784953150898218e-08,"_wandb":{"runtime":33},"R0":24.955535888671875,"res_loss":4.718673608294921e-06,"l2_error":0.00027900843997485936,"data_grad_norm":0.001205529784783721,"_timestamp":1.733231873524228e+09,"res_grad_norm":0.0008341219509020448,"_step":29900,"data_loss":2.269337983307196e-06,"_runtime":33.052619,"C1":8.000600814819336,"u_pred":{"size":9178,"path":"media/plotly/u_pred_29800_c2593393cbd959dda910.plotly.json","_type":"plotly-file","sha256":"c2593393cbd959dda91016252887c136aca324a513b469104e5493e2f17f4463"},"ics_grad_norm":0.01564922370016575,"R1":0.5000160336494446}