{"_wandb":{"runtime":46},"u_pred":{"_type":"plotly-file","sha256":"b3ea55cb5adeecbd3972b50a7fcd73c385344679845a50ef8ce8e8951be8f4a7","size":10574,"path":"media/plotly/u_pred_44800_b3ea55cb5adeecbd3972.plotly.json"},"ics_loss":2.735595464706421,"_step":44900,"res_grad_norm":0.10289432108402252,"l2_error":0.05152577906847,"_runtime":46.794532,"data_weight":1,"ics_grad_norm":0.19613204896450043,"ics_weight":0.5,"C":0.32596355676651,"R":16.865816116333008,"data_loss":2.803359031677246,"res_loss":0.009365912526845932,"res_weight":1,"data_grad_norm":0.7633958458900452,"_timestamp":1.733307977184963e+09}