{"R1":0.5000009536743164,"l2_error":0.00017003512766677886,"ics_loss":0,"_step":79900,"_runtime":87.113374,"data_grad_norm":0.0004420221666805446,"res_loss":1.6102950439744745e-06,"u_pred":{"path":"media/plotly/u_pred_79800_0b8a5e5ac211cc61fd7a.plotly.json","_type":"plotly-file","sha256":"0b8a5e5ac211cc61fd7a2d33b32c71cad4c14b93fd9c0600f52fab2df49dddef","size":11015},"C1":7.999919891357422,"data_loss":5.61844615276641e-07,"R0":24.99762725830078,"_wandb":{"runtime":87},"_timestamp":1.733146579529168e+09,"ics_grad_norm":0,"res_grad_norm":0.0003340444527566433}