{"data_grad_norm":0.002460981486365199,"_timestamp":1.733207104361938e+09,"_step":39900,"res_grad_norm":0.0004298527492210269,"l2_error":0.00029883236857131124,"_runtime":52.443686,"u_pred":{"size":11016,"path":"media/plotly/u_pred_39800_48c7b91cc0b3001575a3.plotly.json","_type":"plotly-file","sha256":"48c7b91cc0b3001575a32fbfe643a135f80935762530c307cee9a405e18f236a"},"R1":0.5000112652778625,"_wandb":{"runtime":52},"ics_loss":4.243338480591774e-08,"data_loss":1.7353787598040071e-06,"ics_grad_norm":0.016578327864408493,"res_loss":4.048482878715731e-06,"R0":24.996212005615234,"C1":7.999758243560791}