{"ics_loss":0.013768807984888554,"data_grad_norm":0.7086286544799805,"_step":44900,"res_loss":0.009542841464281082,"R":23.763721466064453,"res_grad_norm":0.15778493881225586,"C":0.3131580948829651,"l2_error":0.08504847437143326,"_timestamp":1.73330677034556e+09,"_wandb":{"runtime":46},"ics_grad_norm":0.6889486312866211,"data_weight":1,"data_loss":0.7572447061538696,"ics_weight":1,"res_weight":1,"u_pred":{"_type":"plotly-file","sha256":"ce36c55c9c878c5c9b7e99666f0ae1eef1757bcd8296de59d27a9bd9bab84900","size":9775,"path":"media/plotly/u_pred_44800_ce36c55c9c878c5c9b7e.plotly.json"},"_runtime":46.665643}