{"u_pred":{"path":"media/plotly/u_pred_39800_bc2f8421ba0a23422e33.plotly.json","_type":"plotly-file","sha256":"bc2f8421ba0a23422e33a51a115b9e0ecb310740c05cec952834d7bc0ff336ed","size":11751},"res_weight":5.419961452484131,"data_grad_norm":0.3150804340839386,"res_loss":0.00031507399398833513,"_step":39900,"_runtime":49.304499,"data_loss":0.0508665032684803,"res_grad_norm":0.022175392135977745,"ics_weight":691.0296020507812,"R":89.3719253540039,"data_weight":0.37178826332092285,"l2_error":0.031258292496204376,"ics_grad_norm":0.0009220648207701743,"C":0.11064554750919342,"_wandb":{"runtime":49},"_timestamp":1.73349079137432e+09,"ics_loss":1.978719410544727e-08}