{"l2_error":0.2910086512565613,"_runtime":100.776007,"ics_weight":1.1385447978973389,"_step":400,"ics_loss":0.018470996990799904,"res_loss":0.03197424113750458,"_timestamp":1.732281120737361e+09,"_wandb":{"runtime":100},"cas_weight":0.03598494827747345,"res_weight":0.9632594585418701}