{"_runtime":33.438923,"_timestamp":1.733233234372544e+09,"R0":24.955535888671875,"C1":8.000600814819336,"l2_error":0.00027900843997485936,"_wandb":{"runtime":33},"_step":29900,"u_pred":{"size":10172,"path":"media/plotly/u_pred_29800_5d33bfca717c3dab5003.plotly.json","_type":"plotly-file","sha256":"5d33bfca717c3dab5003fb0458cc96f4401a4e77958fd8beac3667140eb14505"},"R1":0.5000160336494446}