{"data_weight":1,"data_grad_norm":0.6682232618331909,"R":56.22119140625,"res_grad_norm":0.7113347053527832,"ics_weight":1,"_wandb":{"runtime":46},"_step":44900,"ics_loss":3.3422920751036145e-06,"res_weight":1,"u_pred":{"sha256":"ab9373dc20e286867bded3ce16752a2906d580df93c7c3cd4e633839285aa969","size":9774,"path":"media/plotly/u_pred_44800_ab9373dc20e286867bde.plotly.json","_type":"plotly-file"},"l2_error":0.021569689735770226,"_runtime":46.872044,"ics_grad_norm":0.01504388265311718,"_timestamp":1.733306824942789e+09,"res_loss":0.021979061886668205,"data_loss":0.037408553063869476,"C":0.14412686228752136}