{"ics_loss":3.4583536034915596e-08,"ics_grad_norm":0.0012112637050449848,"_step":29900,"_timestamp":1.7328748952542021e+09,"_wandb":{"runtime":31},"u_pred":{"sha256":"e154e0f4dfbd29bef532a0f9863c05863fd38bbe736136dd80ac5d6ecc925a8d","size":10987,"path":"media/plotly/u_pred_29800_e154e0f4dfbd29bef532.plotly.json","_type":"plotly-file"},"tau":54.71471405029297,"_runtime":31.376996,"res_grad_norm":2.596065678517334e-05,"res_loss":1.4175183693510007e-08,"l2_error":0.24846294522285461}