{"tau":3.0555307865142822,"res_loss":9.265293192584068e-05,"_step":9900,"_runtime":11.704085,"ics_weight":1,"l2_error":0.6796233057975769,"u_pred":{"_type":"plotly-file","sha256":"c28cd4631e932fd2b01f63aec2eaaaa674acccf428de9fbecbb6d72f81deafe2","size":9223,"path":"media/plotly/u_pred_9800_c28cd4631e932fd2b01f.plotly.json"},"_wandb":{"runtime":11},"res_weight":1,"res_grad_norm":0.01654168590903282,"ics_loss":5.238689482212067e-10,"ics_grad_norm":0.0002507877943571657,"_timestamp":1.732634057474404e+09}