{"data_loss":0.012603350915014744,"R1":0.49964410066604614,"l2_error":0.05052287131547928,"res_loss":0.007645666599273682,"_wandb":{"runtime":117},"C1":0.5362475514411926,"_step":79000,"_runtime":117.029565,"R0 subnet":{"sha256":"3c603c2b81ac287b968f70fc475583991a5ae69b703a1f9fb954fb61387d360f","size":24507,"path":"media/plotly/R0 subnet_78000_3c603c2b81ac287b968f.plotly.json","_type":"plotly-file"},"ics_loss":1.1615223229455296e-05,"u1_pred":{"width":600,"height":500,"_type":"image-file","sha256":"cc4d9906c658faabea593fd24edb1ee881b54047df6153c08c52b8a70e6a18a9","size":121828,"path":"media/images/u1_pred_78000_cc4d9906c658faabea59.png","format":"png"},"_timestamp":1.7428228095236511e+09}