{"_timestamp":1.732701939483226e+09,"u_pred":{"path":"media/plotly/u_pred_9800_e776c7cc82dfd2b3c3ab.plotly.json","_type":"plotly-file","sha256":"e776c7cc82dfd2b3c3abb1496867cef2cf90f8384f4e483a997b27d2721cb5df","size":11058},"_wandb":{"runtime":15},"ics_grad_norm":0.0062057687900960445,"ics_weight":1,"res_loss":0.011208200827240944,"l2_error":0.43316128849983215,"res_weight":1,"_step":9900,"_runtime":15.599682,"ics_loss":3.9138831198215485e-07,"res_grad_norm":0.019403504207730293,"tau":3.3543734550476074}