{"res_grad_norm":0.000504292780533433,"_step":24900,"_runtime":26.390736,"res_loss":1.8395329561826657e-06,"data_loss":2.1623429802275496e-06,"data_grad_norm":0.007635623682290316,"u_pred":{"size":8975,"path":"media/plotly/u_pred_24800_5b83a669750ccb100b50.plotly.json","_type":"plotly-file","sha256":"5b83a669750ccb100b501eb9e3b954ab2c7241a165ee462742b41bd17c27d0cd"},"_wandb":{"runtime":26},"l2_error":0.00020224633044563234,"R":100.00028991699219,"ics_loss":6.386926543200389e-08,"ics_grad_norm":0.0018543282058089972,"_timestamp":1.7332273750568151e+09,"C":0.10001368075609207}