{"data_loss":5.187847364140907e-06,"u_pred":{"size":9378,"path":"media/plotly/u_pred_24800_13b1f296676716e828ac.plotly.json","_type":"plotly-file","sha256":"13b1f296676716e828acff76a497f16be3760e3d4984c6c7d32f9639ffc98849"},"ics_loss":2.6284396881237626e-10,"R":99.99823760986328,"_wandb":{"runtime":26},"l2_error":0.0003136330924462527,"data_grad_norm":0.00306950812228024,"res_grad_norm":0.0006346235168166459,"_step":24900,"C":0.10013497620820999,"_runtime":26.913548,"ics_grad_norm":0.0001187456728075631,"res_loss":2.7308669814374298e-06,"_timestamp":1.733227318914656e+09}