{"data_grad_norm":0.007635623682290316,"res_grad_norm":0.000504292780533433,"_step":24900,"_wandb":{"runtime":34},"l2_error":0.00020224633044563234,"data_loss":2.1623429802275496e-06,"u_pred":{"sha256":"ef94f7bc957d92508146f96647e87ea3f3a737a83d74ddab399fbd4b708915a7","size":9772,"path":"media/plotly/u_pred_24800_ef94f7bc957d92508146.plotly.json","_type":"plotly-file"},"C":0.10001368075609207,"R":100.00028991699219,"ics_loss":6.386926543200389e-08,"ics_grad_norm":0.0018543282058089972,"_timestamp":1.7332327512414348e+09,"_runtime":34.732721,"res_loss":1.8395329561826657e-06}