{"R0":0.6900990605354309,"_step":79900,"ics_grad_norm":5.94336015637964e-05,"res_grad_norm":6.697390199406072e-05,"_wandb":{"runtime":83},"R1":4.180039882659912,"l2_error":3.3178043365478516,"_runtime":83.120935,"ics_loss":5.820766091346741e-11,"res_loss":2.3076482591477543e-07,"C1":4.180039882659912,"_timestamp":1.733138114347886e+09,"u_pred":{"path":"media/plotly/u_pred_79800_fe2eeed1f96064344aca.plotly.json","_type":"plotly-file","sha256":"fe2eeed1f96064344acaa27891844e191da83d38835a07e3e10ab6dc77e93856","size":10978}}