{"C":0.02464929223060608,"_runtime":26.285505,"_step":24900,"data_grad_norm":1.1494858264923096,"ics_grad_norm":0.008351320400834084,"u_pred":{"size":8981,"path":"media/plotly/u_pred_24800_f3f4dfc8283c83dccc4e.plotly.json","_type":"plotly-file","sha256":"f3f4dfc8283c83dccc4ebc20732bc88837fd428815fc2dd015a570880be47a21"},"ics_loss":1.2546026937343413e-06,"data_loss":0.06606750935316086,"l2_error":0.03309018537402153,"res_grad_norm":0.5728651881217957,"_wandb":{"runtime":26},"_timestamp":1.733232165878433e+09,"R":314.3337097167969,"res_loss":0.06404509395360947}