{"_timestamp":1.7333068884469671e+09,"ics_grad_norm":3.254160165786743,"_step":44900,"ics_loss":0.11113397032022476,"l2_error":0.23274587094783783,"res_loss":0.3933441638946533,"_wandb":{"runtime":46},"data_grad_norm":7.343615531921387,"data_weight":1,"u_pred":{"size":9775,"path":"media/plotly/u_pred_44800_e96b59831b058a2c3725.plotly.json","_type":"plotly-file","sha256":"e96b59831b058a2c37256995ded4b74e4aa6695536daec21b4b18a981644a72c"},"C":0.880852997303009,"R":1.548108458518982,"res_weight":1,"_runtime":46.280328,"data_loss":12.91500186920166,"ics_weight":1,"res_grad_norm":1.2221938371658325}