{"u_pred":{"path":"media/plotly/u_pred_44800_20c617fdec06d582b7ff.plotly.json","_type":"plotly-file","sha256":"20c617fdec06d582b7ff0603c951bcfcff2cb2212c02f6139b0779be6de029e4","size":9770},"R":177.53048706054688,"C":0.07827556133270264,"_timestamp":1.733303487832939e+09,"_runtime":44.838009,"_wandb":{"runtime":44},"_step":44900,"l2_error":0.030839208513498306}