{"ics_loss":5.436982064566109e-08,"_step":9900,"ics_grad_norm":0.002149030566215515,"res_loss":0.0036094789393246174,"l2_error":0.33655375242233276,"u_pred":{"size":11059,"path":"media/plotly/u_pred_9800_c34271b37bbf5c4dd1a0.plotly.json","_type":"plotly-file","sha256":"c34271b37bbf5c4dd1a0adb8f5f519a2c80d7e1ded34ee53dc4faa04bb993759"},"tau":4.286027431488037,"_runtime":15.678783,"_timestamp":1.732788181763516e+09,"_wandb":{"runtime":15},"res_grad_norm":0.006930754519999027}