{"res_grad_norm":0.01011979766190052,"data_grad_norm":0.286750853061676,"ics_weight":2847.523681640625,"R":103.25191497802734,"ics_grad_norm":0.00010565292177489027,"data_weight":0.3583034873008728,"C":0.1021173968911171,"res_weight":10.857885360717773,"data_loss":0.05585501343011856,"ics_loss":2.7853275241795927e-10,"u_pred":{"path":"media/plotly/u_pred_39800_b83d894724a8a36c336f.plotly.json","_type":"plotly-file","sha256":"b83d894724a8a36c336f7bbe800fc1dc6d4227c67f66f2e0da6f382bef14da8e","size":11747},"_step":39900,"l2_error":0.03278419375419617,"_timestamp":1.733489004063754e+09,"_runtime":49.249948,"res_loss":6.144633516669273e-05,"_wandb":{"runtime":49}}