{"res_weight":1,"_timestamp":1.7326990650534751e+09,"ics_weight":1,"res_grad_norm":0.16666778922080994,"_runtime":12.22919,"res_loss":0.031641773879528046,"ics_grad_norm":0.657029926776886,"tau":5.464396953582764,"_step":9900,"_wandb":{"runtime":12},"ics_loss":0.007330363616347313,"u_pred":{"size":11016,"path":"media/plotly/u_pred_9800_b049f0ce66fcc0d6f925.plotly.json","_type":"plotly-file","sha256":"b049f0ce66fcc0d6f9254b89cecee0ffff7aac05d407391e738d1a858acedde7"},"l2_error":0.2850015461444855}