{"_runtime":46.420776,"l2_error":0.00013589378795586526,"u_pred":{"sha256":"f3ab1e7f3b2b20938ba9e78c008aa825d37805487351efe443e7ac8d18965eac","size":11757,"path":"media/plotly/u_pred_39800_f3ab1e7f3b2b20938ba9.plotly.json","_type":"plotly-file"},"C1":8.000246047973633,"R1":0.5000106692314148,"R0":25.00364112854004,"_timestamp":1.733411460005419e+09,"_wandb":{"runtime":46},"_step":39900}