{"ics_loss":3.637978807091713e-10,"_timestamp":1.733489812498534e+09,"res_weight":45.866485595703125,"data_weight":0.34710410237312317,"u_pred":{"sha256":"010b621555c2a3635fd7ad0b59c50ff21d381cb22eb53598a7eafcdf16415f6f","size":11748,"path":"media/plotly/u_pred_39800_010b621555c2a3635fd7.plotly.json","_type":"plotly-file"},"l2_error":0.037856534123420715,"ics_grad_norm":0.00016074888117145747,"res_grad_norm":0.014029296115040779,"_wandb":{"runtime":42},"C":0.14414316415786743,"_runtime":42.630691,"res_loss":6.435145769501105e-05,"data_loss":0.07520001381635666,"_step":39900,"data_grad_norm":2.001132011413574,"ics_weight":1374.55859375,"R":62.48740005493164}