{"u_pred":{"path":"media/plotly/u_pred_19800_5d38be64479b643e31bd.plotly.json","_type":"plotly-file","sha256":"5d38be64479b643e31bd531672bb9a327a0aa0fd6735a04d0f06eea147339c3b","size":9223},"ics_grad_norm":0.010077700018882751,"res_grad_norm":0.002548312535509467,"tau":5.094078063964844,"ics_weight":1,"res_weight":1,"ics_loss":5.115907697472721e-07,"_wandb":{"runtime":28},"res_loss":9.721042260935064e-06,"l2_error":0.29376861453056335,"_timestamp":1.7326331143697522e+09,"_step":19900,"_runtime":28.708001}