{"u_pred":{"_type":"plotly-file","sha256":"2cc830ff6f50dadb5d0ac4b232ecda7b0664ddea0d63873b196325921c3f2009","size":11009,"path":"media/plotly/u_pred_29800_2cc830ff6f50dadb5d0a.plotly.json"},"ics_loss":1.9122126104775816e-10,"_timestamp":1.732873180959957e+09,"ics_grad_norm":0.00013236072845757008,"tau":13.804163932800293,"_wandb":{"runtime":30},"_runtime":30.060425,"_step":29900,"res_grad_norm":4.995513882022351e-05,"res_loss":2.3429696227594832e-07,"l2_error":0.08369382470846176}