{"_runtime":30.410024,"tau":9.536273002624512,"_timestamp":1.732873235764482e+09,"u_pred":{"sha256":"1d3d81a5b23d550f4514011330227a6b5aa1f61a382ddfb4d63bda5d792e86a3","size":11037,"path":"media/plotly/u_pred_29800_1d3d81a5b23d550f4514.plotly.json","_type":"plotly-file"},"ics_loss":4.52683025287115e-07,"_step":29900,"_wandb":{"runtime":30},"ics_grad_norm":0.005460030864924192,"res_loss":3.950788425299834e-07,"res_grad_norm":0.0025149877183139324,"l2_error":0.014786073938012123}