{"C1":1.5170135498046875,"_timestamp":1.733136822499386e+09,"u_pred":{"sha256":"35983a636a4467dcc2a455fbc37a87d3a795aaf5b7025fda8055a4a710e5faee","size":10909,"path":"media/plotly/u_pred_29800_35983a636a4467dcc2a4.plotly.json","_type":"plotly-file"},"R0":1.5904860496520996,"res_loss":9.291443348047324e-07,"ics_loss":1.178705133497715e-07,"_wandb":{"runtime":39},"res_grad_norm":0.00023297981533687562,"l2_error":1.2240861654281616,"_runtime":39.668322,"ics_grad_norm":0.004438972566276789,"R1":1.6789859533309937,"_step":29900}