{"_runtime":43.251436,"_wandb":{"runtime":43},"_timestamp":1.733411756929576e+09,"data_weight":1.8708572387695312,"C1":7.3911027908325195,"R1":0.4994488060474396,"u_pred":{"sha256":"268650141428a3e8ec5b7c7d32fe3f7d0951699395687db7f9a3bcf4cfe1b4be","size":11769,"path":"media/plotly/u_pred_39800_268650141428a3e8ec5b.plotly.json","_type":"plotly-file"},"l2_error":0.10678593814373016,"ics_weight":1.6569594144821167,"res_weight":1.0488417148590088,"_step":39900,"R0":23.25522232055664}