{"res_loss":0.9545425772666931,"data_grad_norm":5.905851364135742,"_wandb":{"runtime":40},"ics_loss":1.368154926240095e-06,"C":-37.870609283447266,"u_pred":{"path":"media/plotly/u_pred_39800_7e38303c8b4a23ae0f19.plotly.json","_type":"plotly-file","sha256":"7e38303c8b4a23ae0f1982659c784e479b42c38c65beac2fa42f2720b0b6f8a5","size":11034},"_step":39900,"_runtime":40.204687,"ics_grad_norm":0.010488741099834442,"data_loss":0.01979205384850502,"l2_error":0.004263142589479685,"_timestamp":1.733211643690748e+09,"R":207.47401428222656,"res_grad_norm":5.867764949798584}