{"res_weight":1,"res_loss":0.3387029469013214,"_runtime":15.712124,"_timestamp":1.732722242827023e+09,"ics_weight":1,"tau":1.641013503074646,"_step":9900,"l2_error":0.19350436329841614,"ics_grad_norm":0.05162245035171509,"u_pred":{"size":11009,"path":"media/plotly/u_pred_9800_1e148b530b27c2d94e19.plotly.json","_type":"plotly-file","sha256":"1e148b530b27c2d94e19727babc293541b7451a1446fe071fb3c7b580ac5d434"},"res_grad_norm":0.4538189768791199,"_wandb":{"runtime":15},"ics_loss":4.4076372432755306e-05}