{"data_loss":0.043178755789995193,"data_weight":0.36056217551231384,"_step":39900,"ics_grad_norm":5.860280361957848e-05,"_timestamp":1.733825980150188e+09,"l2_error":0.028360679745674133,"res_weight":7.451806545257568,"C":0.11238404363393784,"ics_weight":2396.43896484375,"R":83.15141296386719,"_runtime":42.638901,"res_grad_norm":0.012541666626930237,"u_pred":{"_type":"plotly-file","sha256":"03591d89ef4237a3fa443cbdd88353c973082c175767ee69c8040612563fc676","size":11756,"path":"media/plotly/u_pred_39800_03591d89ef4237a3fa44.plotly.json"},"ics_loss":1.0027179087046534e-10,"_wandb":{"runtime":42},"res_loss":0.00014357933832798153,"data_grad_norm":0.30773311853408813}