{"res_loss":0.0020348113030195236,"l2_error":0.09488529711961746,"_runtime":45.84566,"res_grad_norm":0.13280774652957916,"data_grad_norm":6.209578037261963,"C":0.12541888654232025,"ics_grad_norm":0,"data_loss":54.70838165283203,"ics_weight":Infinity,"u_pred":{"_type":"plotly-file","sha256":"24637222f686e634d508da41277f03f944fc7bb5173a6b2d5552fd1db7b457fa","size":10198,"path":"media/plotly/u_pred_44800_24637222f686e634d508.plotly.json"},"_step":44900,"ics_loss":0,"data_weight":0.354088693857193,"res_weight":14.048705101013184,"_timestamp":1.733409474316576e+09,"R":100.24810791015625,"_wandb":{"runtime":45}}