{"_runtime":15.469807,"res_weight":1,"ics_grad_norm":0.01012647058814764,"ics_weight":1,"ics_loss":2.849355951184407e-06,"_step":9900,"res_loss":0.03359059989452362,"l2_error":0.2381061315536499,"u_pred":{"path":"media/plotly/u_pred_9800_7771ded3597aefe0512c.plotly.json","_type":"plotly-file","sha256":"7771ded3597aefe0512cfa8783c1d1aa9861bce32b325fc82374c2ea81343111","size":11019},"_timestamp":1.732698391418387e+09,"tau":5.154942035675049,"res_grad_norm":0.0370003804564476,"_wandb":{"runtime":15}}