{"_runtime":42.486311,"data_weight":0.3678673505783081,"C":1.0806642770767212,"l2_error":0.09840219467878342,"data_grad_norm":5.3918352127075195,"_step":39900,"res_loss":0.01813128963112831,"ics_grad_norm":0.0008288593962788582,"_timestamp":1.73349677254719e+09,"_wandb":{"runtime":42},"ics_loss":1.0219082469120622e-08,"data_loss":2.1653647422790527,"ics_weight":912.9976196289062,"res_weight":5.112567901611328,"res_grad_norm":0.3340578079223633,"u_pred":{"_type":"plotly-file","sha256":"f499c8c97b83c83ef8683188d7659ea9ebc9fbf3b3881bc733f942a0f16d8fe6","size":11761,"path":"media/plotly/u_pred_39800_f499c8c97b83c83ef868.plotly.json"},"R":5.457942008972168}