{"_step":44900,"ics_grad_norm":0.0010019374312832952,"data_weight":0.20000000298023224,"data_loss":0.03665202483534813,"res_loss":0.003622114658355713,"ics_loss":2.4911287255235948e-08,"u_pred":{"path":"media/plotly/u_pred_44800_5775bad4ca830df31aa0.plotly.json","_type":"plotly-file","sha256":"5775bad4ca830df31aa0c888120466e4e0878ae1b0537415bd36359f1587aa87","size":9771},"res_grad_norm":0.04592953622341156,"_runtime":46.386954,"_wandb":{"runtime":46},"res_weight":1,"_timestamp":1.7333042316443331e+09,"C":0.1346130520105362,"R":75.07262420654297,"data_grad_norm":0.3231807053089142,"ics_weight":1,"l2_error":0.02700682356953621}