{"ics_loss":0.0002490225597284734,"data_grad_norm":0.31843143701553345,"_wandb":{"runtime":48},"u_pred":{"_type":"plotly-file","sha256":"39f81f901bfbc23bb1830f00a851f5853b796446e1df5686333590d3ebf8b533","size":9777,"path":"media/plotly/u_pred_44800_39f81f901bfbc23bb183.plotly.json"},"res_weight":1,"data_loss":0.07887022942304611,"data_weight":1,"_step":44900,"ics_grad_norm":0.12423970550298691,"ics_weight":1,"res_grad_norm":0.23108375072479248,"C":0.0924936905503273,"l2_error":0.037772372364997864,"_runtime":48.044013,"res_loss":0.012838148511946201,"_timestamp":1.733304058355832e+09,"R":91.16240692138672}