{"res_grad_norm":0.0025311759673058987,"_wandb":{"runtime":15},"res_weight":1,"_runtime":15.924727,"tau":13.280009269714355,"_timestamp":1.732702138910743e+09,"l2_error":0.07932523638010025,"_step":9900,"ics_grad_norm":0.015548592433333397,"ics_loss":4.746598278870806e-06,"ics_weight":1,"res_loss":1.0461400052008685e-05,"u_pred":{"_type":"plotly-file","sha256":"6787c730326a5038008b9c363ee18acc8116c8771e2685aff1264ee0ca04b0c5","size":11016,"path":"media/plotly/u_pred_9800_6787c730326a5038008b.plotly.json"}}