{"ics_grad_norm":0.03788343444466591,"res_weight":1,"ics_loss":5.814946780446917e-05,"ics_weight":1,"R":76.10432434082031,"C":0.11935214698314667,"_timestamp":1.733306623188362e+09,"l2_error":0.03127923980355263,"_step":44900,"_runtime":55.709086,"data_weight":0.20000000298023224,"data_grad_norm":0.2974681556224823,"u_pred":{"_type":"plotly-file","sha256":"ed71cc9238c2f6dd47c57f2e46b1ab5284214a93faf4f21a1747e993d68bd795","size":9773,"path":"media/plotly/u_pred_44800_ed71cc9238c2f6dd47c5.plotly.json"},"res_grad_norm":0.03245677426457405,"res_loss":0.0023416816256940365,"_wandb":{"runtime":55},"data_loss":0.15010355412960052}