{"_runtime":15.677218,"ics_loss":2.7527223210199736e-05,"ics_weight":1,"l2_error":0.08155647665262222,"tau":2.0038347244262695,"ics_grad_norm":0.04152346029877663,"res_loss":0.1944628655910492,"res_weight":1,"_step":9900,"res_grad_norm":0.23883159458637238,"_wandb":{"runtime":15},"_timestamp":1.7327878614715881e+09,"u_pred":{"size":10994,"path":"media/plotly/u_pred_9800_2a2977ebff5b1ecde920.plotly.json","_type":"plotly-file","sha256":"2a2977ebff5b1ecde9205b367b692b938e6e555bcb357110bd50b8a90a54f424"}}