{"l2_error":0.054323069751262665,"u_pred":{"sha256":"d4af263553ece0f877cf20897a68920e75b6ff531b6069388b2dc9b280759fa5","size":11047,"path":"media/plotly/u_pred_9800_d4af263553ece0f877cf.plotly.json","_type":"plotly-file"},"ics_grad_norm":0.007388829719275236,"_wandb":{"runtime":15},"tau":8.447441101074219,"res_grad_norm":0.0009745866409502923,"_step":9900,"ics_loss":8.743702437641332e-07,"res_loss":5.492798209161265e-06,"_timestamp":1.732790851165227e+09,"_runtime":15.798262}