{"l2_error":0.025390492752194405,"_step":39900,"u_pred":{"path":"media/plotly/u_pred_39800_d361a90711e0de35293c.plotly.json","_type":"plotly-file","sha256":"d361a90711e0de35293c200f5454d22849a03a10bed646937792ebfbbe680324","size":11318},"_runtime":42.4124,"res_loss":2.0364851138765516e-07,"C":0.11899153888225555,"ics_loss":2.2737367544323206e-13,"_timestamp":1.7334110885166879e+09,"ics_weight":2.7146386e+07,"data_weight":0.34511691331863403,"data_loss":0.03402641788125038,"res_grad_norm":0.0004278818378224969,"R":84.9559097290039,"data_grad_norm":0.7083324193954468,"res_weight":281.8753967285156,"ics_grad_norm":1.122552006904698e-08,"_wandb":{"runtime":42}}