{"ics_loss":3.182405450274928e-08,"_runtime":47.480251,"R":58.27821350097656,"_step":39900,"C":0.038293708115816116,"res_grad_norm":0.0005181778105907142,"_timestamp":1.733210126806943e+09,"data_grad_norm":0.0011441459646448493,"ics_grad_norm":0.0009677429916337132,"l2_error":0.7970364689826965,"u_pred":{"path":"media/plotly/u_pred_39800_8647cd6112ff71c08d27.plotly.json","_type":"plotly-file","sha256":"8647cd6112ff71c08d27b63e363304a20c02f781481bde2af1961d1bbc9a5938","size":11394},"data_loss":9.991339311454794e-07,"_wandb":{"runtime":47},"res_loss":4.164181177657156e-07}