{"_wandb":{"runtime":42},"u_pred":{"_type":"plotly-file","sha256":"03591d89ef4237a3fa443cbdd88353c973082c175767ee69c8040612563fc676","size":11756,"path":"media/plotly/u_pred_39800_03591d89ef4237a3fa44.plotly.json"},"data_grad_norm":0.30773311853408813,"R":83.15141296386719,"data_loss":0.043178755789995193,"ics_loss":1.0027179087046534e-10,"C":0.11238404363393784,"res_loss":0.00014357933832798153,"res_weight":7.451806545257568,"l2_error":0.028360679745674133,"ics_weight":2396.43896484375,"_timestamp":1.733496957849494e+09,"data_weight":0.36056217551231384,"_step":39900,"_runtime":42.737882,"ics_grad_norm":5.860280361957848e-05,"res_grad_norm":0.012541666626930237}