{"_runtime":49.962657,"_wandb":{"runtime":49},"_step":44900,"l2_error":0.06501657515764236,"u_pred":{"sha256":"759e0859ae9d2155122faf1b44b36d261bad8a9bb575cdfd26ffe8dfda5b6d47","size":9776,"path":"media/plotly/u_pred_44800_759e0859ae9d2155122f.plotly.json","_type":"plotly-file"},"R":9.998437881469727,"C":0.6859257817268372,"_timestamp":1.7333035964426172e+09}