{"_runtime":15.776986,"l2_error":0.3980902135372162,"_wandb":{"runtime":15},"res_weight":1,"res_grad_norm":0.006095074117183685,"ics_weight":1,"_timestamp":1.732701368404238e+09,"ics_loss":4.3024783735745586e-08,"u_pred":{"_type":"plotly-file","sha256":"a810d04a6814928c157801f991ae910353167ce9c0f7e02c462884c672f19ebc","size":11064,"path":"media/plotly/u_pred_9800_a810d04a6814928c1578.plotly.json"},"_step":9900,"res_loss":0.002821641508489847,"tau":4.058091163635254,"ics_grad_norm":0.0022086319513618946}