{"cas_weight":0.03598494827747345,"_runtime":85.987247,"res_loss":0.03197424113750458,"_wandb":{"runtime":85},"ics_loss":0.018470996990799904,"_timestamp":1.733131940962919e+09,"_step":400,"ics_weight":1.1385447978973389,"l2_error":0.2910086512565613,"res_weight":0.9632594585418701}