{"l2_error":0.10922610759735107,"u_pred":{"size":11001,"path":"media/plotly/u_pred_29800_62a9bf34d379a7ac1bed.plotly.json","_type":"plotly-file","sha256":"62a9bf34d379a7ac1bed3ad170602c3472d5abfad6fb9425ed32ae107fcf5dc2"},"tau":15.614035606384277,"_runtime":50.76896,"_timestamp":1.733130127125781e+09,"ics_grad_norm":2.8630829547182657e-05,"_wandb":{"runtime":50},"ics_loss":1.1141310096718371e-11,"res_loss":3.608525958043174e-07,"cas_weight":0.999990701675415,"res_grad_norm":2.348939233343117e-05,"_step":29900}