{"u_pred":{"path":"media/plotly/u_pred_9800_f059dd9644c7b126485e.plotly.json","_type":"plotly-file","sha256":"f059dd9644c7b126485e04cdc0a0acf5af47ccc29622b0bd08da9cfe72264139","size":11055},"_runtime":15.900124,"ics_loss":3.4725562727544457e-06,"l2_error":0.10444243997335434,"_step":9900,"_timestamp":1.73278823853262e+09,"_wandb":{"runtime":15},"res_grad_norm":0.07837124168872833,"tau":2.8200159072875977,"res_loss":0.06659729033708572,"ics_grad_norm":0.014276850037276745}