{"res_loss":4.718673608294921e-06,"R1":0.5000160336494446,"_step":29900,"l2_error":0.00027900843997485936,"_wandb":{"runtime":33},"R0":24.955535888671875,"data_grad_norm":0.001205529784783721,"_timestamp":1.733232933483871e+09,"u_pred":{"sha256":"5d33bfca717c3dab5003fb0458cc96f4401a4e77958fd8beac3667140eb14505","size":10172,"path":"media/plotly/u_pred_29800_5d33bfca717c3dab5003.plotly.json","_type":"plotly-file"},"data_loss":2.269337983307196e-06,"ics_grad_norm":0.01564922370016575,"_runtime":33.721084,"res_grad_norm":0.0008341219509020448,"ics_loss":3.784953150898218e-08,"C1":8.000600814819336}