{"_wandb":{"runtime":15},"ics_grad_norm":0.14841054379940033,"_timestamp":1.7327880841796532e+09,"tau":5.762973785400391,"res_grad_norm":0.004726933315396309,"ics_loss":0.00015895093383733183,"l2_error":0.22486549615859985,"u_pred":{"_type":"plotly-file","sha256":"0da0143540cc3f4fe2323d6d77c31e5427b643108aa77b779cbba52d3cfa8b25","size":11063,"path":"media/plotly/u_pred_9800_0da0143540cc3f4fe232.plotly.json"},"res_loss":1.577088733029086e-05,"_step":9900,"_runtime":15.767908}