{"data_grad_norm":2.2821156978607178,"data_weight":0.35826414823532104,"ics_loss":9.094947017729282e-13,"_step":39900,"R":43.57612991333008,"res_weight":8.150384902954102,"ics_grad_norm":5.754946414526785e-06,"_wandb":{"runtime":43},"res_loss":0.0013334059622138739,"u_ref":{"bins":[-9.682223320007324,-9.509382247924805,-9.336541175842285,-9.163700103759766,-8.990859031677246,-8.818017959594727,-8.645176887512207,-8.472336769104004,-8.299495697021484,-8.126654624938965,-7.953813552856445,-7.780972480773926,-7.608131408691406,-7.435290336608887,-7.262449264526367,-7.089608192443848,-6.916767120361328,-6.743926525115967,-6.571085453033447,-6.398244380950928,-6.225403308868408,-6.052562236785889,-5.879721164703369,-5.706880569458008,-5.534039497375488,-5.361198425292969,-5.188357353210449,-5.01551628112793,-4.84267520904541,-4.669834613800049,-4.496993541717529,-4.32415246963501,-4.15131139755249],"_type":"histogram","values":[2,2,0,1,2,1,2,1,2,1,1,3,2,1,1,0,2,2,2,1,1,0,1,2,1,1,1,0,3,0,0,1]},"data_loss":0.08610101044178009,"l2_error":0.039917249232530594,"u_prediction":{"values":[2,1,2,1,1,2,1,1,2,2,1,2,2,1,2,1,1,2,1,1,1,1,1,1,1,1,1,1,1,0,1,1],"bins":[-9.751948356628418,-9.565153121948242,-9.378358840942383,-9.191563606262207,-9.004768371582031,-8.817974090576172,-8.631178855895996,-8.44438362121582,-8.257589340209961,-8.070794105529785,-7.883999347686768,-7.697204113006592,-7.510409355163574,-7.323614597320557,-7.136819362640381,-6.950024604797363,-6.7632293701171875,-6.57643461227417,-6.389639854431152,-6.202844619750977,-6.016049861907959,-5.829255104064941,-5.642459869384766,-5.455665111541748,-5.2688703536987305,-5.082075119018555,-4.895280361175537,-4.7084856033325195,-4.521690368652344,-4.334895610809326,-4.148100852966309,-3.961305856704712,-3.7745108604431152],"_type":"histogram"},"C":0.19128963351249695,"u_pred":{"path":"media/plotly/u_pred_39800_bafe21e56897ea6a0bd5.plotly.json","_type":"plotly-file","sha256":"bafe21e56897ea6a0bd577b732957a453169e409eb7d5d99cba225fcc15e7d3f","size":11742},"res_grad_norm":0.0913076177239418,"t_star":{"_type":"histogram","values":[2,1,1,1,2,1,1,1,1,2,1,1,1,2,1,1,1,1,2,1,1,1,2,1,1,1,1,2,1,1,1,2],"bins":[0,1.5625,3.125,4.6875,6.25,7.8125,9.375,10.9375,12.5,14.0625,15.625,17.1875,18.75,20.3125,21.875,23.4375,25,26.5625,28.125,29.6875,31.25,32.8125,34.375,35.9375,37.5,39.0625,40.625,42.1875,43.75,45.3125,46.875,48.4375,50]},"_timestamp":1.733491558291104e+09,"ics_weight":6782.9267578125,"_runtime":43.605388}