{"data_grad_norm":0.17852555215358734,"ics_weight":1,"R":92.12052154541016,"res_loss":0.007063381839543581,"C":0.10142847150564194,"_step":44900,"l2_error":0.049037061631679535,"res_grad_norm":0.043349359184503555,"res_weight":1,"data_loss":0.2577531039714813,"ics_loss":0.0021309861913323402,"_wandb":{"runtime":46},"_runtime":46.746346,"ics_grad_norm":0.1762601137161255,"data_weight":1,"_timestamp":1.733306693686079e+09,"u_pred":{"sha256":"a21a5b7391b67b73223136525e5797ad66cacd00b381fa183d412d8d365fc7e7","size":9771,"path":"media/plotly/u_pred_44800_a21a5b7391b67b732231.plotly.json","_type":"plotly-file"}}