{"C":0.04835435748100281,"ics_weight":2.951284e+07,"res_grad_norm":0.003378202673047781,"data_loss":0.19863373041152954,"_runtime":71.822058,"u_pred":{"path":"media/plotly/u_pred_69800_4b6bcb62c7d9b18a7c49.plotly.json","_type":"plotly-file","sha256":"4b6bcb62c7d9b18a7c495113a3773f71c9b501ae3d62b816d2319ac964ea62b2","size":10570},"res_weight":84.85086059570312,"data_grad_norm":0.9758817553520203,"data_weight":0.3351139724254608,"_wandb":{"runtime":71},"l2_error":0.0613219179213047,"ics_loss":0,"R":226.6220703125,"_step":69900,"_timestamp":1.733410539957068e+09,"res_loss":1.2350674296612851e-05,"ics_grad_norm":0}