{"R":78.63473510742188,"data_loss":0.07493124157190323,"ics_weight":8.526354e+06,"data_weight":0.34473010897636414,"_runtime":45.902419,"u_pred":{"size":11748,"path":"media/plotly/u_pred_39800_c095cb25118e789f1674.plotly.json","_type":"plotly-file","sha256":"c095cb25118e789f1674e3e94e4cb0c63e14f7e1bd66112d26623d92babcc382"},"data_grad_norm":0.21033312380313873,"ics_loss":0,"_wandb":{"runtime":45},"res_weight":95.8192367553711,"_timestamp":1.7334112277910469e+09,"_step":39900,"l2_error":0.03783467411994934,"res_grad_norm":0.0007228638278320432,"C":0.12341755628585815,"res_loss":1.322347543464275e-06,"ics_grad_norm":0}