{"_wandb":{"runtime":43},"_runtime":43.171676,"_step":39900,"C":0.29903656244277954,"data_grad_norm":3.3817014694213867,"ics_loss":5.357435384212295e-09,"data_weight":0.3532143235206604,"data_loss":0.5498781800270081,"_timestamp":1.733496677267312e+09,"res_weight":12.397339820861816,"res_grad_norm":0.08115677535533905,"R":25.682764053344727,"u_pred":{"size":11757,"path":"media/plotly/u_pred_39800_b3ec727c2f30942a13f5.plotly.json","_type":"plotly-file","sha256":"b3ec727c2f30942a13f5c9c8d418950b524f9598d530a8549777a161754600dd"},"ics_weight":1456.6544189453125,"ics_grad_norm":0.0003599554765969515,"res_loss":0.0021092835813760757,"l2_error":0.054408758878707886}