{"tau":67.02124786376953,"res_loss":2.7177196670891135e-07,"l2_error":0.25807449221611023,"_wandb":{"runtime":30},"res_grad_norm":0.0004145621496718377,"_step":29900,"ics_grad_norm":3.401457433938049e-05,"ics_loss":3.2741809263825417e-11,"_runtime":30.687576,"u_pred":{"size":11012,"path":"media/plotly/u_pred_29800_dad9582476a377d65ea2.plotly.json","_type":"plotly-file","sha256":"dad9582476a377d65ea2223d594d56045744b631c5ffb49a77d7e820e751104c"},"_timestamp":1.732873466701741e+09}