{"_timestamp":1.732632791039604e+09,"u_pred":{"sha256":"43338cf15589e024b11fbd0454671aad252d22dfd5b89d0017786eff544afe31","size":9219,"path":"media/plotly/u_pred_19800_43338cf15589e024b11f.plotly.json","_type":"plotly-file"},"l2_error":0.2976941466331482,"res_weight":1.82033109664917,"tau":5.066312313079834,"ics_weight":6.53476095199585,"_runtime":45.598639,"ics_loss":2.2737367544323206e-11,"_step":19900,"res_grad_norm":0.0005528336041606963,"ics_grad_norm":6.152936111902818e-05,"res_loss":3.94923426938476e-06,"cas_weight":0.9999090433120728,"_wandb":{"runtime":45}}