{"_timestamp":1.7326219540814772e+09,"res_loss":2.3687662178417668e-05,"_runtime":22.819016,"ics_weight":1.5807956457138062,"l2_error":0.33851903676986694,"_step":14900,"_wandb":{"runtime":22},"res_weight":2.3769824504852295,"ics_loss":2.0874949768767692e-08,"cas_weight":0.9994648098945618,"res_grad_norm":0.00014915061183273792,"ics_grad_norm":0.0018097003921866417}