{"ics_loss":0,"data_grad_norm":0.15019427239894867,"_wandb":{"runtime":48},"_step":44900,"data_loss":0.07641785591840744,"res_grad_norm":0.00044076592894271016,"res_weight":77.27933502197266,"R":102.74290466308594,"C":0.09458606690168381,"res_loss":4.3343534343875945e-06,"l2_error":0.038028351962566376,"_timestamp":1.733410199518923e+09,"_runtime":48.439226,"data_weight":0.34119370579719543,"ics_weight":9.381356e+06,"ics_grad_norm":0,"u_pred":{"path":"media/plotly/u_pred_44800_3e8bcc1b4a886d52dc86.plotly.json","_type":"plotly-file","sha256":"3e8bcc1b4a886d52dc867a953edb03ccee809db6a43ab3fe08d32edb027b4f83","size":10576}}