{"ics_weight":2.7225728e+07,"_timestamp":1.7334106743758771e+09,"u_pred":{"_type":"plotly-file","sha256":"c199f93ec854ff54465129b33b17e33657e7d6c2e466f44a7e02611582cda7d4","size":10570,"path":"media/plotly/u_pred_69800_c199f93ec854ff544651.plotly.json"},"res_weight":19.483808517456055,"C":0.05714486911892891,"_runtime":83.060248,"ics_loss":0,"data_loss":0.057247672230005264,"R":176.07308959960938,"data_weight":0.33957380056381226,"_step":69900,"res_loss":0.00011016272765118629,"res_grad_norm":0.014316558837890625,"l2_error":0.03308876231312752,"ics_grad_norm":0,"data_grad_norm":0.8446828722953796,"_wandb":{"runtime":83}}