{"ics_grad_norm":0.4848729074001312,"l2_error":0.09353683888912201,"u_pred":{"size":10574,"path":"media/plotly/u_pred_44800_8b77640cb768a2d3ffbc.plotly.json","_type":"plotly-file","sha256":"8b77640cb768a2d3ffbcb72a18dea5eb64594affb6409933b10ae957ba98b53f"},"res_weight":1,"_step":44900,"_timestamp":1.73340937545535e+09,"C":0.3078291118144989,"_wandb":{"runtime":56},"res_grad_norm":0.5103146433830261,"data_grad_norm":3.3439953327178955,"data_weight":1,"res_loss":0.061687711626291275,"R":10.166314125061035,"_runtime":56.270149,"data_loss":9.801652908325195,"ics_loss":6.074673175811768,"ics_weight":1}