{"R":65.31582641601562,"_timestamp":1.733583200621909e+09,"data_loss":0.050591595470905304,"ics_loss":5.081858489575097e-07,"C":0.14024922251701355,"res_loss":0.00047313518007285893,"data_grad_norm":1.05180823802948,"res_grad_norm":0.04054446890950203,"ics_grad_norm":0.004614971578121185,"_runtime":16.14199,"l2_error":0.030698753893375397,"data_weight":0.5819355845451355,"_step":9900,"res_weight":11.063848495483398,"u_pred":{"path":"media/plotly/u_pred_9800_744b1fc6e1ee04b7f500.plotly.json","_type":"plotly-file","sha256":"744b1fc6e1ee04b7f500fa1b975a63f18bf8fad22e7f8f045e21d34dea883b2d","size":11754},"ics_weight":18.43589210510254,"_wandb":{"runtime":16}}