{"C":0.10008136183023453,"_timestamp":1.7333031947352371e+09,"_runtime":31.757682,"_step":24900,"l2_error":0.0004015125159639865,"u_pred":{"size":9776,"path":"media/plotly/u_pred_24800_963aab6babf5705e18ba.plotly.json","_type":"plotly-file","sha256":"963aab6babf5705e18baf0095644a970b160c639026850d662f3aa25dcab58db"},"_wandb":{"runtime":31},"R":99.9693374633789}