{"res_loss":1.2101485481252894e-05,"res_weight":1,"_timestamp":1.732700778276004e+09,"tau":3.943472146987915,"ics_grad_norm":0.0046660215593874454,"u_pred":{"_type":"plotly-file","sha256":"a4f138b775a4f98e6868f3dcd1196f0972b57834e6705e63a83f5b95b048ae68","size":11069,"path":"media/plotly/u_pred_9800_a4f138b775a4f98e6868.plotly.json"},"ics_weight":1,"l2_error":0.46647557616233826,"ics_loss":1.0982716958096717e-07,"res_grad_norm":0.0018087936332449317,"_wandb":{"runtime":15},"_runtime":15.912819,"_step":9900}