{"C":0.09707020968198776,"ics_weight":9.503084e+06,"_step":44900,"l2_error":0.04467402398586273,"data_loss":0.1035727858543396,"u_pred":{"_type":"plotly-file","sha256":"daa20c7dab44d654588ac14863c69d895e18d724e6429bde348f9b5c45a7efe2","size":10573,"path":"media/plotly/u_pred_44800_daa20c7dab44d654588a.plotly.json"},"data_grad_norm":0.4573787748813629,"_timestamp":1.733410415661178e+09,"ics_loss":2.2737367544323206e-13,"res_grad_norm":0.030167581513524055,"R":112.5128173828125,"_runtime":46.713369,"data_weight":0.3617919981479645,"_wandb":{"runtime":46},"res_loss":0.0006023810710757971,"ics_grad_norm":8.47613979004791e-09,"res_weight":5.74569034576416}