{"_step":44900,"data_loss":2.21022629737854,"ics_loss":0.020709965378046036,"ics_grad_norm":1.722785472869873,"res_grad_norm":0.4578172564506531,"_runtime":46.50989,"R":3.7859933376312256,"u_pred":{"sha256":"fdd5f470d0fabf2748aad543ec93f9f46bfaa726aad3f84a8f6db767e04d0660","size":10578,"path":"media/plotly/u_pred_44800_fdd5f470d0fabf2748aa.plotly.json","_type":"plotly-file"},"_timestamp":1.733307202963229e+09,"ics_weight":1,"data_weight":1,"l2_error":0.11663144081830978,"res_weight":1,"res_loss":0.08560623228549957,"_wandb":{"runtime":46},"data_grad_norm":1.9800448417663574,"C":0.8882411122322083}