{"u_pred":{"size":9223,"path":"media/plotly/u_pred_14800_5fe2f94c187f590c3009.plotly.json","_type":"plotly-file","sha256":"5fe2f94c187f590c3009e82a7c27a32885c8f198478f63320a179c5202e16c8f"},"ics_weight":1.5807956457138062,"_runtime":34.901216,"res_loss":2.3687662178417668e-05,"l2_error":0.33851903676986694,"res_weight":2.3769824504852295,"res_grad_norm":0.00014915061183273792,"_timestamp":1.732622991641036e+09,"ics_grad_norm":0.0018097003921866417,"_wandb":{"runtime":34},"ics_loss":2.0874949768767692e-08,"cas_weight":0.9994648098945618,"tau_loss":4.7517852783203125,"_step":14900}