{"u_pred":{"path":"media/plotly/u_pred_24800_c7b9b446debfc29f10ec.plotly.json","_type":"plotly-file","sha256":"c7b9b446debfc29f10ec2d80503048abc6249d317a748559c7ce7ef2d3d25aed","size":9767},"R":37.81796646118164,"_step":24900,"ics_grad_norm":0.01539797242730856,"data_loss":0.21045677363872528,"res_loss":0.09745236486196518,"l2_error":0.06319218873977661,"ics_loss":4.015647846244974e-06,"res_grad_norm":0.6972100734710693,"_runtime":27.290381,"C":0.24413646757602692,"_wandb":{"runtime":27},"data_grad_norm":0.5542793869972229,"_timestamp":1.7332323979543512e+09}