{"ics_loss":6.86024804963381e-07,"res_loss":3.119698988029995e-08,"_wandb":{"runtime":59},"ics_grad_norm":0.006612742319703102,"res_grad_norm":0.0002751972060650587,"tau":10.192776679992676,"u_pred":{"size":11032,"path":"media/plotly/u_pred_29800_b88d93fd424b273fd25f.plotly.json","_type":"plotly-file","sha256":"b88d93fd424b273fd25f6706fdaa5b44ad9a545e79a99cab3526aa270bd7df40"},"_timestamp":1.732808583406913e+09,"_step":29900,"_runtime":59.728916,"l2_error":0.0053835054859519005}