{"C":0.13821053504943848,"R":65.08027648925781,"_step":9900,"data_loss":0.04659430682659149,"res_weight":7.7712788581848145,"_wandb":{"runtime":17},"ics_loss":2.3837201297283173e-05,"u_pred":{"size":11752,"path":"media/plotly/u_pred_9800_8a4fc8dd4119359a92ca.plotly.json","_type":"plotly-file","sha256":"8a4fc8dd4119359a92cab14234f3905474f5ffcd93b76ead4614b4d156d31c4b"},"res_grad_norm":0.024620138108730316,"res_loss":0.00042063603177666664,"l2_error":0.029461033642292023,"ics_grad_norm":0.029845070093870163,"_runtime":17.747682,"data_grad_norm":0.33214566111564636,"ics_weight":6.593489170074463,"data_weight":0.5848335027694702,"_timestamp":1.733496521175314e+09}