{"l2_error":0.4717821478843689,"ics_loss":1.6088051779661328e-08,"tau":3.5385971069335938,"res_grad_norm":0.011097528971731663,"u_pred":{"_type":"plotly-file","sha256":"edec927c78933860f7002236d10f80128ced68b79f77327253b182d7ea19ef6a","size":11058,"path":"media/plotly/u_pred_9800_edec927c78933860f700.plotly.json"},"_runtime":16.0409,"ics_grad_norm":0.0013496627798303962,"ics_weight":2.5340468883514404,"_timestamp":1.732722347457029e+09,"_wandb":{"runtime":16},"res_weight":0.9318035244941711,"_step":9900,"res_loss":0.005330345593392849}