{"l2_error":0.032210033386945724,"_step":39900,"_timestamp":1.733411290905708e+09,"ics_weight":2.2449266e+07,"R":76.6015396118164,"data_grad_norm":1.134777545928955,"ics_grad_norm":0,"C":0.13160446286201477,"data_loss":0.05575622245669365,"ics_loss":0,"_runtime":42.385269,"data_weight":0.3463982939720154,"res_weight":47.513816833496094,"res_loss":8.34441016195342e-06,"_wandb":{"runtime":42},"res_grad_norm":0.005480639636516571,"u_pred":{"_type":"plotly-file","sha256":"e39db8a07a5885c2ca7deae90523cde76cebdc75befc154dd610e0a56ad030bf","size":11749,"path":"media/plotly/u_pred_39800_e39db8a07a5885c2ca7d.plotly.json"}}