{"_step":9900,"res_grad_norm":0.005596654489636421,"res_loss":0.0019117644988000393,"ics_weight":1,"u_pred":{"_type":"plotly-file","sha256":"4f4d4323781cb06159db2e0fb6e68cbfe8be1e4888a02d25b5e37991452819d2","size":11064,"path":"media/plotly/u_pred_9800_4f4d4323781cb06159db.plotly.json"},"_wandb":{"runtime":15},"res_weight":1,"l2_error":0.3851318955421448,"ics_grad_norm":0.0017286934889853,"ics_loss":2.521323949622456e-08,"_runtime":15.738922,"tau":4.209428787231445,"_timestamp":1.732787773784097e+09}