{"_runtime":74.009244,"res_loss":0.0003985073126386851,"data_loss":0.00549374520778656,"_timestamp":1.739267938861315e+09,"u2_pred":{"sha256":"2dcba33cb252d3212e2fb0226f34526d54aead426c3437b67c26ecaf7551f63e","size":28001,"path":"media/plotly/u2_pred_48000_2dcba33cb252d3212e2f.plotly.json","_type":"plotly-file"},"C1":0.5491074323654175,"R1":3.9535810947418213,"l2_error":0.02105495147407055,"ics_grad_norm":0.04700915142893791,"ics_loss":1.0757971722341608e-05,"u1_pred":{"width":600,"height":500,"_type":"image-file","sha256":"635b03fea3671a5c75ccb5b7d9d9bd58ad902227b06f823348004baa6d88d5de","size":105635,"path":"media/images/u1_pred_48000_635b03fea3671a5c75cc.png","format":"png"},"data_grad_norm":0.5850864052772522,"res_grad_norm":0.023302532732486725,"_step":49000,"_wandb":{"runtime":74}}