{"_step":9900,"res_weight":1,"res_loss":9.265293192584068e-05,"ics_loss":5.238689482212067e-10,"tau":3.0555307865142822,"ics_weight":1,"_timestamp":1.7326354366771572e+09,"_runtime":11.853835,"_wandb":{"runtime":11},"res_grad_norm":0.01654168590903282,"l2_error":0.6764423847198486,"u_pred":{"size":11072,"path":"media/plotly/u_pred_9800_88f2b0f99002159da069.plotly.json","_type":"plotly-file","sha256":"88f2b0f99002159da069d965c306fd3d6bbad1134b60baf6fe9d607dd1b574e7"},"ics_grad_norm":0.0002507877943571657}