{"C1":8.000007629394531,"_wandb":{"runtime":50},"res_loss":3.637121608335292e-06,"u_pred":{"path":"media/plotly/u_pred_39800_31abba36afab068276b7.plotly.json","_type":"plotly-file","sha256":"31abba36afab068276b73a9803a8ffdbeafcadfe1364e9843326c689363a4cce","size":11015},"data_loss":3.777399797399994e-06,"R0":24.996049880981445,"data_grad_norm":0.03145171329379082,"R1":0.4999381899833679,"res_grad_norm":0.003933356609195471,"ics_grad_norm":0.20283947885036469,"l2_error":0.0004408867098391056,"ics_loss":6.425547326216474e-06,"_timestamp":1.733150935903546e+09,"_runtime":50.501341,"_step":39900}