{"_timestamp":1.73323314669892e+09,"_runtime":25.866025,"_step":24900,"_wandb":{"runtime":25},"l2_error":0.00020224633044563234,"u_pred":{"size":9772,"path":"media/plotly/u_pred_24800_ef94f7bc957d92508146.plotly.json","_type":"plotly-file","sha256":"ef94f7bc957d92508146f96647e87ea3f3a737a83d74ddab399fbd4b708915a7"},"R":100.00028991699219,"C":0.10001368075609207}