{"res_grad_norm":0.04602928087115288,"_timestamp":1.73321155166257e+09,"data_loss":0.013850175775587559,"res_loss":0.005805246531963348,"l2_error":0.012361995875835419,"u_pred":{"sha256":"25c8de50137014c5166b781d098483bf29b54d9d41d48a03efbf9d346e419038","size":11033,"path":"media/plotly/u_pred_39800_25c8de50137014c5166b.plotly.json","_type":"plotly-file"},"C":0.0221403855830431,"ics_loss":0.0004937979392707348,"R":388.4527893066406,"ics_grad_norm":0.16228297352790833,"_wandb":{"runtime":48},"data_grad_norm":0.2300247699022293,"_step":39900,"_runtime":48.510616}