{"data_weight":0.3511619567871094,"R":75.46394348144531,"l2_error":0.029916880652308464,"_step":39900,"u_pred":{"_type":"plotly-file","sha256":"968f7bac63b072368ec4e70c585282a2e68d4ee29cea9408fc171a60c40b9d05","size":11758,"path":"media/plotly/u_pred_39800_968f7bac63b072368ec4.plotly.json"},"ics_loss":1.3096723705530167e-10,"data_loss":0.04804735258221626,"data_grad_norm":0.9586549401283264,"res_loss":9.206750837620348e-05,"res_weight":16.254329681396484,"res_grad_norm":0.020160894840955734,"ics_weight":5.867293e+06,"_timestamp":1.733497231904629e+09,"_runtime":42.154539,"ics_grad_norm":7.252734212670475e-05,"C":0.12131655216217041,"_wandb":{"runtime":42}}