{"_step":44900,"data_weight":0.5,"ics_loss":0.00035666636540554464,"l2_error":0.02894514426589012,"u_pred":{"size":9771,"path":"media/plotly/u_pred_44800_214444044673444d0fc1.plotly.json","_type":"plotly-file","sha256":"214444044673444d0fc13f79e3f17ce75935870f4f2a58bc643addb21a3a6163"},"_runtime":46.786968,"R":91.96942138671875,"res_weight":1,"C":0.09976045787334442,"res_grad_norm":0.03031502477824688,"_timestamp":1.733304126711671e+09,"ics_grad_norm":0.14682674407958984,"res_loss":0.006115988828241825,"data_loss":0.04613395035266876,"data_grad_norm":0.2723976671695709,"_wandb":{"runtime":46},"ics_weight":1}