{"ics_loss":1.7257421859540045e-05,"tau":44.11024856567383,"_wandb":{"runtime":30},"ics_grad_norm":0.0247203316539526,"res_loss":2.5136338877018716e-07,"_runtime":30.607375,"_timestamp":1.7328733254236312e+09,"_step":29900,"u_pred":{"size":11002,"path":"media/plotly/u_pred_29800_bf3428d5840b0b8987ef.plotly.json","_type":"plotly-file","sha256":"bf3428d5840b0b8987ef2ef691a6638cf98d98e8ad4759804969f2d08de54472"},"res_grad_norm":0.00032155311782844365,"l2_error":0.23424237966537476}