{"R":94.9941635131836,"_wandb":{"runtime":45},"C":0.11161823570728302,"_timestamp":1.7333036823062332e+09,"_runtime":45.364021,"_step":44900,"l2_error":0.0425894670188427,"u_pred":{"path":"media/plotly/u_pred_44800_337c439b2616c05bf5cd.plotly.json","_type":"plotly-file","sha256":"337c439b2616c05bf5cdce591e2d02729f0b267ddbdbd6e7901aba43b5f44a2c","size":9773}}