{"res_grad_norm":0.0013723017182201147,"R0":0.6975545287132263,"_timestamp":1.733137710858516e+09,"l2_error":3.1801650524139404,"u_pred":{"_type":"plotly-file","sha256":"e084af60f8dae0a21d1d538a801d76aea978bc151623b2a1a014096ee28dfee8","size":10974,"path":"media/plotly/u_pred_29800_e084af60f8dae0a21d1d.plotly.json"},"_step":29900,"R1":3.5639185905456543,"C1":3.5639185905456543,"ics_loss":1.3096723705530167e-06,"_wandb":{"runtime":32},"res_loss":1.0542644304223359e-06,"_runtime":32.442279,"ics_grad_norm":0.008913160301744938}