{"_timestamp":1.7334118688758101e+09,"ics_weight":9.417102e+06,"R0":26.975584030151367,"_wandb":{"runtime":42},"R1":0.4875085949897766,"data_weight":1.316809892654419,"_runtime":42.245929,"C1":8.375941276550293,"_step":39900,"u_pred":{"_type":"plotly-file","sha256":"ed864b1cb0cc15a74230132e7c474466ba49c1c9cfdcf9a0ed1e56fa76ce6184","size":11778,"path":"media/plotly/u_pred_39800_ed864b1cb0cc15a74230.plotly.json"},"res_weight":0.9733172655105591,"l2_error":0.1315803825855255}