{"_runtime":65.107188,"res_weight":1,"_step":9900,"ics_loss":4.723770871351007e-06,"ics_weight":1,"l2_error":0.9201401472091675,"tau":2.4903650283813477,"res_loss":2.4459091036987957e-06,"res_grad_norm":0.00770680233836174,"u_pred":{"sha256":"fc63c0f373f9e2065853a221b019cf0a2953111c5b5c789008d83380b10c4304","size":9222,"path":"media/plotly/u_pred_9800_fc63c0f373f9e2065853.plotly.json","_type":"plotly-file"},"_timestamp":1.732633984960563e+09,"ics_grad_norm":0.21334990859031677,"_wandb":{"runtime":65}}