{"ics_loss":2.9141119739506394e-08,"_step":29900,"l2_error":0.08175986260175705,"_timestamp":1.732873086963867e+09,"_wandb":{"runtime":33},"u_pred":{"_type":"plotly-file","sha256":"e10f5c4cb95bd284b11b4e593b57858efd672d66107d166293405dfcdbee4ffe","size":11009,"path":"media/plotly/u_pred_29800_e10f5c4cb95bd284b11b.plotly.json"},"ics_grad_norm":0.0010880904737859964,"res_grad_norm":0.0013138935901224613,"tau":13.720199584960938,"res_loss":4.2594942328832985e-07,"_runtime":33.475428}