{"_wandb":{"runtime":51},"res_weight":7.4249420166015625,"u_pred":{"_type":"plotly-file","sha256":"44bd4f74dde55599aff40dc25a83aab3ecde86b93c4046b889ff6909e0980293","size":11752,"path":"media/plotly/u_pred_39800_44bd4f74dde55599aff4.plotly.json"},"ics_weight":1330.237548828125,"_timestamp":1.733497102838797e+09,"l2_error":0.02838953584432602,"_step":39900,"ics_loss":2.33323817155906e-07,"R":81.0278549194336,"res_loss":0.0001591994659975171,"res_grad_norm":0.013606755994260311,"ics_grad_norm":0.0028716076631098986,"_runtime":51.080856,"data_grad_norm":0.29984521865844727,"C":0.11474873125553131,"data_weight":0.36222541332244873,"data_loss":0.0432666651904583}