{"_step":39900,"_wandb":{"runtime":46},"res_loss":1.2460121467938734e-07,"R":30.000001907348633,"_timestamp":1.733212463279988e+09,"data_loss":2.325965340332914e-07,"res_grad_norm":2.835769555531442e-05,"data_grad_norm":9.929136285791174e-05,"_runtime":46.184894,"u_pred":{"path":"media/plotly/u_pred_39800_a7010c716d535b2c252a.plotly.json","_type":"plotly-file","sha256":"a7010c716d535b2c252a2f1c89a72427e4d04d4b4ce49ff47d244e5e3281140c","size":11017},"ics_loss":0,"C":0.5000893473625183,"ics_grad_norm":0,"l2_error":9.346163278678432e-05}