{"u_pred":{"_type":"plotly-file","sha256":"215b0359138d848f928e3ba351d786160d1a3f018f70dcde01e7abd3ccae8287","size":11052,"path":"media/plotly/u_pred_29800_215b0359138d848f928e.plotly.json"},"res_loss":4.2700236235759803e-07,"l2_error":0.04514477401971817,"_runtime":42.776362,"_step":29900,"res_grad_norm":0.0012512303655967116,"tau":8.734138488769531,"_timestamp":1.732791507585549e+09,"ics_loss":6.334013050945941e-06,"ics_grad_norm":0.020489435642957687,"_wandb":{"runtime":42}}