{"C":0.029748957604169846,"_wandb":{"runtime":25},"_timestamp":1.733303243639919e+09,"_runtime":25.872208,"_step":24900,"l2_error":0.08227983862161636,"u_pred":{"path":"media/plotly/u_pred_24800_1c79bd3b2705a9518c94.plotly.json","_type":"plotly-file","sha256":"1c79bd3b2705a9518c9439439da41a99db3e9fdce7105db1c38a0e85da0fd5d8","size":9773},"R":364.45233154296875}