{"_timestamp":1.7327907977450051e+09,"res_grad_norm":0.004353598691523075,"res_loss":1.9631796021712944e-05,"tau":23.62744140625,"_step":9900,"l2_error":0.18111500144004822,"_runtime":15.553574,"u_pred":{"path":"media/plotly/u_pred_9800_f5b876cf73e7a0e7f64a.plotly.json","_type":"plotly-file","sha256":"f5b876cf73e7a0e7f64ab04b26ef985d674e700baa107681115161666904586c","size":10998},"ics_grad_norm":0.08197686076164246,"_wandb":{"runtime":15},"ics_loss":0.0001811373804230243}