{"l2_error":0.9867693185806274,"_timestamp":1.7331343494536698e+09,"R0":1.1567102670669556,"_step":29900,"u_pred":{"_type":"plotly-file","sha256":"fd23bc5f4477ab8c108e58e6befbf73a9ab73297e15bdd6a6d3a8fd3a8b58c2c","size":10969,"path":"media/plotly/u_pred_29800_fd23bc5f4477ab8c108e.plotly.json"},"_runtime":40.69804,"res_grad_norm":6.856423715362325e-05,"_wandb":{"runtime":40},"R1":1.2916150093078613,"C1":1.2359085083007812,"ics_loss":8.91395757207647e-09,"res_loss":4.6445052248600405e-08,"ics_grad_norm":0.000499288085848093}