{"data_weight":0.3519711196422577,"C":0.10354974120855331,"_step":39900,"data_loss":0.2053876668214798,"res_loss":0.00011179714056197554,"res_grad_norm":0.018265901133418083,"ics_grad_norm":0,"R":96.27104949951172,"_wandb":{"runtime":42},"_runtime":42.882391,"l2_error":0.061661265790462494,"res_weight":14.590991020202637,"_timestamp":1.733412069787904e+09,"ics_weight":2.7203766e+07,"data_grad_norm":0.9083972573280334,"ics_loss":0,"u_pred":{"size":11745,"path":"media/plotly/u_pred_39800_a54e54b832d2071b3797.plotly.json","_type":"plotly-file","sha256":"a54e54b832d2071b3797cc7cd07e5a903e22595f71ef94a89ea645dbc1c9bc3e"}}