{"res_grad_norm":0.12341431528329849,"data_grad_norm":6.823425769805908,"data_weight":0.3460620939731598,"R":119.70604705810547,"res_weight":17.17081069946289,"res_loss":0.0018493805546313524,"C":0.11378753185272217,"ics_grad_norm":0,"u_pred":{"path":"media/plotly/u_pred_44800_6667f82475c297bf30d0.plotly.json","_type":"plotly-file","sha256":"6667f82475c297bf30d03338d6bea6ba70edf4f8141848f0e9f121046a7a9658","size":10572},"data_loss":64.41123962402344,"ics_weight":8.6764376e+07,"_wandb":{"runtime":46},"_step":44900,"l2_error":0.08867066353559494,"_runtime":46.711492,"_timestamp":1.733410304210675e+09,"ics_loss":0}