{"data_grad_norm":0.011631257832050323,"ics_grad_norm":0.0006727519794367254,"C":0.10001307725906372,"_wandb":{"runtime":49},"u_pred":{"sha256":"77b5f9a65419a01f30bd03344770dab7e6a103f736fe9b131476126faba0ea13","size":10995,"path":"media/plotly/u_pred_39800_77b5f9a65419a01f30bd.plotly.json","_type":"plotly-file"},"ics_loss":8.824144970276393e-09,"l2_error":0.0001174874632852152,"res_loss":3.0896165981175727e-07,"data_loss":7.26176040188875e-07,"_timestamp":1.733219894139211e+09,"res_grad_norm":5.752688957727514e-05,"R":100.00313568115234,"_runtime":49.174241,"_step":39900}