{"_timestamp":1.733141173400238e+09,"l2_error":1.9867900609970093,"_runtime":89.314643,"_step":79900,"u_pred":{"sha256":"58f50311583ef4d11a38c72ae42369631c814a7017fb3302d8e21ed5a0403952","size":10890,"path":"media/plotly/u_pred_79800_58f50311583ef4d11a38.plotly.json","_type":"plotly-file"},"data_loss":15.081159591674805,"ics_loss":9.094947017729282e-11,"_wandb":{"runtime":89},"res_grad_norm":2.903573476942256e-05,"data_grad_norm":3.517975710565224e-05,"R0":1.0395338535308838,"C1":2.9832754135131836,"ics_grad_norm":0.00028335038223303854,"res_loss":2.634874363138806e-08,"R1":0.9276185631752014}