{"ics_weight":1.087699125e+06,"res_grad_norm":0.03080054745078087,"data_grad_norm":0.2200525999069214,"_step":39900,"_wandb":{"runtime":49},"u_prediction":{"bins":[-9.600414276123047,-9.444890022277832,-9.289365768432617,-9.133841514587402,-8.978317260742188,-8.822793006896973,-8.667267799377441,-8.511743545532227,-8.356219291687012,-8.200695037841797,-8.045170783996582,-7.889646530151367,-7.734122276306152,-7.5785980224609375,-7.4230732917785645,-7.26754903793335,-7.112024784088135,-6.95650053024292,-6.800976276397705,-6.645451545715332,-6.489927291870117,-6.334403038024902,-6.1788787841796875,-6.023354530334473,-5.867830276489258,-5.712305545806885,-5.55678129196167,-5.401257038116455,-5.24573278427124,-5.090208530426025,-4.934683799743652,-4.7791595458984375,-4.623635292053223],"_type":"histogram","values":[3,1,1,1,1,1,1,1,1,1,2,1,1,0,2,2,2,1,1,1,1,1,1,1,1,2,1,1,2,2,1,1]},"l2_error":0.02769380249083042,"data_weight":0.39806127548217773,"ics_grad_norm":1.753074502630625e-05,"u_ref":{"values":[2,4,0,0,0,2,1,1,0,3,2,0,1,1,1,2,4,0,1,0,2,0,1,1,3,0,2,3,1,1,0,1],"bins":[-9.588021278381348,-9.428221702575684,-9.26842212677002,-9.108622550964355,-8.948822975158691,-8.789023399353027,-8.629222869873047,-8.469423294067383,-8.309623718261719,-8.149824142456055,-7.990024566650391,-7.830224990844727,-7.6704254150390625,-7.510625839233398,-7.350825786590576,-7.191026210784912,-7.031226634979248,-6.871427059173584,-6.71162748336792,-6.551827430725098,-6.392027854919434,-6.2322282791137695,-6.0724287033081055,-5.912629127502441,-5.752829551696777,-5.593029499053955,-5.433229923248291,-5.273430347442627,-5.113630771636963,-4.953831195831299,-4.794031143188477,-4.6342315673828125,-4.474431991577148],"_type":"histogram"},"ics_loss":8.185452315956354e-12,"res_loss":0.0009930485393851995,"C":0.09960959106683731,"_timestamp":1.733491818026272e+09,"_runtime":49.814862,"data_loss":0.04034079238772392,"u_pred":{"_type":"plotly-file","sha256":"c262fdafb7819d7b194d2e912d45cca9dccdf7edcfb4a480b7acea84738c0d76","size":11754,"path":"media/plotly/u_pred_39800_c262fdafb7819d7b194d.plotly.json"},"t_star":{"values":[2,1,1,1,2,1,1,1,1,2,1,1,1,2,1,1,1,1,2,1,1,1,2,1,1,1,1,2,1,1,1,2],"bins":[0,1.5625,3.125,4.6875,6.25,7.8125,9.375,10.9375,12.5,14.0625,15.625,17.1875,18.75,20.3125,21.875,23.4375,25,26.5625,28.125,29.6875,31.25,32.8125,34.375,35.9375,37.5,39.0625,40.625,42.1875,43.75,45.3125,46.875,48.4375,50],"_type":"histogram"},"res_weight":2.7219083309173584,"R":101.8633804321289}