{"ics_loss":1.992157194763422e-08,"u_pred":{"path":"media/plotly/u_pred_9800_65fc7ee44ae303f2a593.plotly.json","_type":"plotly-file","sha256":"65fc7ee44ae303f2a593b47af3f072963b57b630f4acd922f4be13137e73da48","size":11064},"_step":9900,"l2_error":0.3798854351043701,"ics_weight":1,"ics_grad_norm":0.0015589192043989897,"res_weight":1,"_runtime":16.287968,"_wandb":{"runtime":16},"tau":4.306821823120117,"res_loss":0.0014602119335904717,"_timestamp":1.732706114337541e+09,"res_grad_norm":0.004635338671505451}