{"C":0.2523607015609741,"data_grad_norm":0.679191529750824,"_runtime":46.531225,"R":24.040266036987305,"l2_error":0.07111451774835587,"ics_loss":1.4146631956100464,"data_loss":3.7175650596618652,"res_weight":1,"data_weight":1,"_wandb":{"runtime":46},"_timestamp":1.733307337452645e+09,"ics_weight":1,"_step":44900,"ics_grad_norm":0.0989503338932991,"u_pred":{"path":"media/plotly/u_pred_44800_b772d5c55e73f731a063.plotly.json","_type":"plotly-file","sha256":"b772d5c55e73f731a063cea0f61a1d0196e1908119632de649f7ef1e11d02785","size":10569},"res_grad_norm":0.11112667620182037,"res_loss":0.006493068300187588}