{"u_pred":{"sha256":"75fdf5f48a95c987cc1339c489bea595bd129aa50dbd5bf1768d1bdaaaab9fb7","size":10570,"path":"media/plotly/u_pred_44800_75fdf5f48a95c987cc13.plotly.json","_type":"plotly-file"},"R":25.922382354736328,"_wandb":{"runtime":53},"data_grad_norm":0.6648567318916321,"_runtime":53.899283,"data_loss":3.711707353591919,"l2_error":0.05620863661170006,"res_loss":0.0066591911017894745,"data_weight":1,"_timestamp":1.733307663081964e+09,"_step":44900,"C":0.2373981475830078,"ics_grad_norm":0.09908472746610641,"res_grad_norm":0.10096955299377441,"ics_weight":1,"ics_loss":1.6493134498596191,"res_weight":1}