{"_runtime":57.389857,"ics_loss":9.74273461906705e-09,"cas_weight":0.9999979734420776,"_step":29900,"tau":22.04120635986328,"res_grad_norm":3.1721014238428324e-05,"_wandb":{"runtime":57},"u_pred":{"_type":"plotly-file","sha256":"8f2db6540720c44bb984aae000d4ff7ffda0cef8518eef2f71c9d8f86d564258","size":10990,"path":"media/plotly/u_pred_29800_8f2db6540720c44bb984.plotly.json"},"_timestamp":1.732877638892722e+09,"l2_error":0.1660393327474594,"res_loss":7.244866395694771e-08,"ics_grad_norm":0.0007419166504405439}