{"_wandb":{"runtime":83},"cas_weight":0.03598494827747345,"ics_loss":0.018470996990799904,"res_weight":0.9632594585418701,"ics_weight":1.1385447978973389,"_timestamp":1.733132243119563e+09,"l2_error":0.2910086512565613,"res_loss":0.03197424113750458,"_runtime":83.649833,"_step":400}