{"_timestamp":1.7320291030979252e+09,"_runtime":305.342065,"_step":4900,"res_weight":1.7082875967025757,"_wandb":{"runtime":305},"cas_weight":0.9975712299346924,"res_loss":7.713428203715011e-05,"l2_error":4.019529819488525,"ics_loss":0.00785386748611927,"ics_weight":1.016553521156311}