{"_runtime":29.540558,"res_grad_norm":0.006513597909361124,"l2_error":0.11263487488031387,"ics_grad_norm":0.007711807731539011,"u_pred":{"path":"media/plotly/u_pred_19800_6ba05fcb3c829e8ffc57.plotly.json","_type":"plotly-file","sha256":"6ba05fcb3c829e8ffc57c1232aac4c76ef1632ee11a804be1f32b44d3d745325","size":11007},"_timestamp":1.732791339339995e+09,"ics_loss":1.1830163657577941e-06,"res_loss":7.571104561066022e-06,"_wandb":{"runtime":29},"_step":19900,"tau":16.221406936645508}