{"res_loss":0.9543046951293945,"data_grad_norm":5.767930507659912,"_wandb":{"runtime":40},"u_pred":{"path":"media/plotly/u_pred_39800_bbe23f884a451ea53291.plotly.json","_type":"plotly-file","sha256":"bbe23f884a451ea532917870b6e889a6bcad029cc882415c5a608a0188d1149f","size":11043},"R":100.01054382324219,"C":-92.65717315673828,"l2_error":0.004255162551999092,"_runtime":40.315553,"_step":39900,"res_grad_norm":6.0931806564331055,"ics_grad_norm":2.1073981315566925e-06,"ics_loss":1.1105157682322897e-08,"_timestamp":1.733211939633051e+09,"data_loss":0.019718024879693985}