{"tau":10.192776679992676,"ics_loss":6.86024804963381e-07,"u_pred":{"size":11038,"path":"media/plotly/u_pred_29800_e244334e9e09748b0df5.plotly.json","_type":"plotly-file","sha256":"e244334e9e09748b0df502b039586e43b3a322e7c51a2b27334839500a0131de"},"ics_grad_norm":0.006612742319703102,"_wandb":{"runtime":65},"_step":29900,"res_grad_norm":0.0002751972060650587,"_timestamp":1.732791849834259e+09,"l2_error":0.0053835054859519005,"res_loss":3.119698988029995e-08,"_runtime":65.47843}