{"res_loss":3.149231986299128e-07,"res_grad_norm":0.0007070221472531557,"_step":29900,"l2_error":0.04816373437643051,"_timestamp":1.7327917483255098e+09,"_wandb":{"runtime":70},"u_pred":{"size":11015,"path":"media/plotly/u_pred_29800_23ada9824621a2f69d36.plotly.json","_type":"plotly-file","sha256":"23ada9824621a2f69d36c4710eaf5e5212189b24f6d74ad48da25b77eb253512"},"ics_loss":7.432536222040653e-07,"tau":11.875205993652344,"_runtime":70.047527,"ics_grad_norm":0.00943138636648655}