{"data_loss":7.26176040188875e-07,"C":0.10001307725906372,"_wandb":{"runtime":41},"res_loss":3.0896165981175727e-07,"ics_loss":8.824144970276393e-09,"l2_error":0.0001174874632852152,"_runtime":41.432515,"_timestamp":1.733212812671693e+09,"u_pred":{"_type":"plotly-file","sha256":"77b5f9a65419a01f30bd03344770dab7e6a103f736fe9b131476126faba0ea13","size":10995,"path":"media/plotly/u_pred_39800_77b5f9a65419a01f30bd.plotly.json"},"R":100.00313568115234,"res_grad_norm":5.752688957727514e-05,"ics_grad_norm":0.0006727519794367254,"_step":39900,"data_grad_norm":0.011631257832050323}