{"_step":39900,"res_weight":2.2069649696350098,"data_loss":0.03003963641822338,"ics_weight":1.1557493209838867,"C1":8.231553077697754,"l2_error":0.03605468571186066,"data_weight":1.2198684215545654,"R1":0.49946871399879456,"_runtime":42.722405,"ics_loss":2.852175384759903e-09,"_wandb":{"runtime":42},"res_loss":0.002413220936432481,"R0":27.943387985229492,"u_pred":{"sha256":"b36fc1d1c755ead206117c79fe61ff8b779667ad4e2a4fa4ed8ab8f9074a3cfc","size":11750,"path":"media/plotly/u_pred_39800_b36fc1d1c755ead20611.plotly.json","_type":"plotly-file"},"_timestamp":1.7334115312096121e+09}