{"tau":3.795435667037964,"_wandb":{"runtime":15},"_runtime":15.888005,"_step":9900,"ics_grad_norm":0.003260289551690221,"ics_loss":1.0115604709426407e-07,"res_weight":1,"l2_error":0.41044068336486816,"ics_weight":1,"res_grad_norm":0.009973933920264244,"_timestamp":1.732787585056874e+09,"u_pred":{"size":11074,"path":"media/plotly/u_pred_9800_cbdaa52c1eb407ff78a2.plotly.json","_type":"plotly-file","sha256":"cbdaa52c1eb407ff78a2bfa58fe9fbcc78fb341b25874890a8b78b7dee6fef98"},"res_loss":0.005181816406548023}