{"l2_error":0.00034058114397339523,"_runtime":29.111188,"_step":24900,"R0":24.54849624633789,"data_grad_norm":0.012875284068286419,"data_loss":3.944448508264031e-06,"u_pred":{"_type":"plotly-file","sha256":"20bf523959cd6dcff41b63748a841ddac2e2a2fe2e3706f67dc887a7c7e5dcbf","size":8983,"path":"media/plotly/u_pred_24800_20bf523959cd6dcff41b.plotly.json"},"res_loss":1.1024266314052511e-05,"_timestamp":1.733231719516316e+09,"ics_grad_norm":0.5939673185348511,"R1":0.5003105401992798,"_wandb":{"runtime":29},"C1":7.989545822143555,"ics_loss":5.465472349897027e-05,"res_grad_norm":0.004046054556965828}