{"data_loss":0.02013561502099037,"u_pred":{"sha256":"4558fc49e0f503d433e1f8158e3277e5ddf6af67c1f918e10a4c31d220d79980","size":11043,"path":"media/plotly/u_pred_39800_4558fc49e0f503d433e1.plotly.json","_type":"plotly-file"},"data_grad_norm":5.939717769622803,"ics_grad_norm":1.2018601410090923e-05,"C":-16.092376708984375,"R":100.06016540527344,"ics_loss":3.615516561694676e-07,"res_grad_norm":6.1507487297058105,"_wandb":{"runtime":40},"res_loss":0.9551483392715454,"l2_error":0.004299984313547611,"_step":39900,"_runtime":40.732542,"_timestamp":1.7332117752341912e+09}