{"_timestamp":1.732023574404981e+09,"res_loss":7.713428203715011e-05,"_step":4900,"_runtime":293.530111,"ics_weight":1.016553521156311,"res_weight":1.7082875967025757,"ics_loss":0.00785386748611927,"cas_weight":0.9975712299346924,"l2_error":4.019529819488525,"_wandb":{"runtime":293}}