{"ics_loss":2.0463630789890885e-12,"C":0.10843566805124283,"_step":39900,"res_loss":0.0001591914042364806,"data_grad_norm":0.186065673828125,"ics_grad_norm":9.39811252465006e-06,"_runtime":42.359672,"data_weight":0.36777207255363464,"u_pred":{"_type":"plotly-file","sha256":"3a1ad20decf20fb38c3a2ef35aa8be0adcec4132f335d5866c337e423d9cd500","size":11755,"path":"media/plotly/u_pred_39800_3a1ad20decf20fb38c3a.plotly.json"},"_wandb":{"runtime":42},"ics_weight":3333.404541015625,"l2_error":0.028064828366041183,"res_grad_norm":0.009918451309204102,"R":86.98971557617188,"data_loss":0.0422825925052166,"res_weight":6.938704490661621,"_timestamp":1.7334968656499221e+09}