{"res_loss":2.203746134910034e-06,"_runtime":15.715212,"_timestamp":1.73270053577726e+09,"_step":9900,"res_weight":1,"tau":3.5109732151031494,"u_pred":{"_type":"plotly-file","sha256":"4a6862a916a7ad4fb90db15b0209daa176469eeaf9546876298b48cf3cb6f995","size":11063,"path":"media/plotly/u_pred_9800_4a6862a916a7ad4fb90d.plotly.json"},"ics_weight":1,"l2_error":0.558638870716095,"_wandb":{"runtime":15},"ics_grad_norm":0.004675650503486395,"res_grad_norm":0.014190743677318096,"ics_loss":6.10098140896298e-08}