{"l2_error":0.39167580008506775,"_step":9900,"tau":3.2723844051361084,"_wandb":{"runtime":16},"u_pred":{"path":"media/plotly/u_pred_9800_477ff33215795ee627cd.plotly.json","_type":"plotly-file","sha256":"477ff33215795ee627cd57b66cfe66e66a87cbbe94e3c60da1e25079d88e2e11","size":11064},"res_grad_norm":0.025480344891548157,"res_loss":0.01649177260696888,"res_weight":1,"_timestamp":1.7327876920924218e+09,"ics_grad_norm":0.007452290039509535,"ics_weight":1,"_runtime":16.080938,"ics_loss":6.182747256389121e-07}