{"res_weight":1,"_wandb":{"runtime":16},"tau":5.8569254875183105,"ics_weight":1,"res_grad_norm":0.009813429787755013,"ics_grad_norm":0.0018400046974420547,"_step":9900,"l2_error":0.05159040540456772,"_runtime":16.023839,"u_pred":{"size":11052,"path":"media/plotly/u_pred_9800_3cc3543ddaac279d8349.plotly.json","_type":"plotly-file","sha256":"3cc3543ddaac279d8349649f237a1e3ee36617cbb193e0a7e9575cd3d75851e0"},"_timestamp":1.732698504142593e+09,"res_loss":0.009007491171360016,"ics_loss":9.459313332627062e-08}