{"C1":7.599992752075195,"data_weight":3.2425427436828613,"R0":49.939334869384766,"R1":0.4741426110267639,"u_pred":{"size":11788,"path":"media/plotly/u_pred_39800_0b74eaa5b49e72befd7f.plotly.json","_type":"plotly-file","sha256":"0b74eaa5b49e72befd7f8d87e4b636d5f1ee14dbd33ca7aaf3575d4622fa0e12"},"ics_weight":0.8479571342468262,"_timestamp":1.733411979391605e+09,"_runtime":42.965901,"_wandb":{"runtime":42},"l2_error":0.21483246982097626,"res_weight":2.132514238357544,"_step":39900}