{"res_loss":1.5700976518928655e-07,"_timestamp":1.732873519365324e+09,"ics_loss":1.3995670542499283e-06,"tau":687.791015625,"l2_error":0.30014654994010925,"_wandb":{"runtime":30},"res_grad_norm":8.726670785108581e-06,"ics_grad_norm":0.005795673467218876,"_step":29900,"u_pred":{"_type":"plotly-file","sha256":"b4ac967ddefadf39bf69686fd7d1ab4015535a3b3af1f6f5b058b9efbfa85e78","size":10997,"path":"media/plotly/u_pred_29800_b4ac967ddefadf39bf69.plotly.json"},"_runtime":30.859165}