{"res_loss":0.00010270789789501578,"res_grad_norm":0.01926102302968502,"ics_grad_norm":0.08063844591379166,"tau":12.43986988067627,"ics_loss":0.0001903781812870875,"_runtime":15.790151,"_wandb":{"runtime":15},"u_pred":{"path":"media/plotly/u_pred_9800_4e5122a6f1f0ae4a98db.plotly.json","_type":"plotly-file","sha256":"4e5122a6f1f0ae4a98db9936d0d01c36efdb25bd19516c771317ab249cd54d8d","size":11022},"_step":9900,"_timestamp":1.732790893188258e+09,"l2_error":0.06452827155590057}