{"_runtime":52.508711,"ics_loss":0,"_wandb":{"runtime":52},"res_grad_norm":0.020145239308476448,"ics_grad_norm":0,"res_loss":8.201011223718524e-05,"data_loss":0.041067734360694885,"l2_error":0.027770256623625755,"data_weight":0.6251286864280701,"_step":44900,"ics_weight":Infinity,"u_pred":{"sha256":"2e0aa03ef84f2879b13d5f2d52aed6b9c701fca7e4a1e91e6895bb5efee90966","size":10199,"path":"media/plotly/u_pred_44800_2e0aa03ef84f2879b13d.plotly.json","_type":"plotly-file"},"res_weight":36.62774658203125,"R":89.55277252197266,"_timestamp":1.733409654393471e+09,"C":0.11039622128009796,"data_grad_norm":1.572522521018982}