{"ics_grad_norm":0.023885073140263557,"res_weight":1,"_step":9900,"ics_loss":4.145681486988906e-06,"tau":5.59140682220459,"_runtime":15.747954,"res_loss":2.4906925318646245e-05,"ics_weight":1,"u_pred":{"path":"media/plotly/u_pred_9800_c1c76762ab0d2206e7a5.plotly.json","_type":"plotly-file","sha256":"c1c76762ab0d2206e7a5fb0d84eaeec7d295686a25b385b5eeddf7e0cd05791a","size":11057},"_timestamp":1.732702068379914e+09,"l2_error":0.23772090673446655,"_wandb":{"runtime":15},"res_grad_norm":0.005428631324321032}