{"_runtime":15.938781,"ics_loss":3.690447556436993e-07,"_wandb":{"runtime":15},"tau":7.930108070373535,"_step":9900,"l2_error":0.07693520933389664,"ics_grad_norm":0.004755795933306217,"res_loss":1.8993573576153722e-06,"u_pred":{"_type":"plotly-file","sha256":"4d33dbd5d83908ac48be3fffaf327d5afba81f584be37a641c2b85222da1f005","size":11043,"path":"media/plotly/u_pred_9800_4d33dbd5d83908ac48be.plotly.json"},"res_grad_norm":0.0036752335727214813,"_timestamp":1.732790927063953e+09}