{"_runtime":16.266671,"_step":9900,"l2_error":0.0488392636179924,"tau":2.4424633979797363,"ics_loss":1.1682510375976562e-05,"res_loss":0.11033713817596436,"res_grad_norm":0.13094063103199005,"u_pred":{"_type":"plotly-file","sha256":"1fcdb8705598d4e3f93e5a53b271214f7e8f623c80cf066fc33c0ed572e992cf","size":11050,"path":"media/plotly/u_pred_9800_1fcdb8705598d4e3f93e.plotly.json"},"res_weight":1,"ics_grad_norm":0.02747921459376812,"_timestamp":1.732722161349643e+09,"ics_weight":1,"_wandb":{"runtime":16}}