{"l2_error":0.16448874771595,"_timestamp":1.7328745336431391e+09,"res_grad_norm":1.5346742657129653e-05,"ics_loss":1.4551915228366852e-11,"res_loss":3.0440027387612645e-08,"_step":29900,"_wandb":{"runtime":36},"_runtime":36.395429,"ics_grad_norm":2.909743670898024e-05,"u_pred":{"sha256":"2f4502f23c0134c118c75c479bfc0ca921d7407fab214baca0714aa3fd9a3b76","size":10992,"path":"media/plotly/u_pred_29800_2f4502f23c0134c118c7.plotly.json","_type":"plotly-file"},"tau":21.791902542114258}