{"res_weight":61.151737213134766,"u_pred":{"_type":"plotly-file","sha256":"cee75ffdb0e30effa86a7ab14e2690cad73cd6ee3ede63bcdcb5b190c678591f","size":11754,"path":"media/plotly/u_pred_39800_cee75ffdb0e30effa86a.plotly.json"},"res_grad_norm":0.008093281649053097,"ics_loss":2.2737367544323206e-11,"_wandb":{"runtime":51},"ics_grad_norm":3.1902192858979106e-05,"_timestamp":1.73348672297596e+09,"C":0.10547592490911484,"R":90.97148132324219,"data_grad_norm":1.5842781066894531,"res_loss":8.937525308283512e-06,"data_weight":0.34652069211006165,"ics_weight":3666.1279296875,"l2_error":0.03538081422448158,"data_loss":0.06603850424289703,"_runtime":51.583781,"_step":39900}