{"_wandb":{"runtime":30},"tau":31.552995681762695,"_timestamp":1.7328738603894138e+09,"ics_grad_norm":0.00023398917983286083,"res_grad_norm":0.0003403886512387544,"l2_error":0.20750442147254944,"u_pred":{"path":"media/plotly/u_pred_29800_67b3fbb63048e7ba2dec.plotly.json","_type":"plotly-file","sha256":"67b3fbb63048e7ba2decac2f79eb064da69e5fe7d2fab9fe2553dc1df9d6a49d","size":11000},"ics_loss":1.178705133497715e-09,"res_loss":2.4184450353459397e-07,"_runtime":30.684312,"_step":29900}