{"_wandb":{"runtime":15},"tau":4.920644283294678,"res_grad_norm":0.0019875909201800823,"ics_loss":3.842615114990622e-09,"l2_error":0.3068322539329529,"u_pred":{"_type":"plotly-file","sha256":"b9ecc79e4173ed7384bfbd80e8ab8ad6eed2a3f358d1ea97d18830a07e93d0c9","size":11068,"path":"media/plotly/u_pred_9800_b9ecc79e4173ed7384bf.plotly.json"},"ics_grad_norm":0.0006403815350495279,"res_loss":0.0005680746398866177,"_step":9900,"_runtime":15.592609,"_timestamp":1.732788127183035e+09}