{"_timestamp":1.7327914119542909e+09,"res_loss":1.0235775107503287e-06,"_step":19900,"_wandb":{"runtime":30},"res_grad_norm":0.00536998501047492,"tau":8.333428382873535,"_runtime":30.7994,"u_pred":{"_type":"plotly-file","sha256":"000c8929a96ecf3ee4ea85ebf2a26c66bb7f9f7c6a39ac93233eb883f4e936f5","size":11047,"path":"media/plotly/u_pred_19800_000c8929a96ecf3ee4ea.plotly.json"},"ics_grad_norm":0.00044778824667446315,"l2_error":0.05918018892407417,"ics_loss":3.007016857736744e-09}