{"res_loss":2.0951149792836077e-07,"_step":39900,"data_loss":1.8764010292215971e-06,"C":0.09996599704027176,"u_pred":{"_type":"plotly-file","sha256":"f3a6536eb6fd1e33e77526fd184b79e307ceedde916c4f73133450e490aa125a","size":11013,"path":"media/plotly/u_pred_39800_f3a6536eb6fd1e33e775.plotly.json"},"data_grad_norm":0.03067459538578987,"_timestamp":1.733212628345404e+09,"l2_error":0.00018885714234784245,"_runtime":40.150216,"_wandb":{"runtime":40},"ics_grad_norm":9.536746503613358e-09,"res_grad_norm":0.00015519761655014008,"R":99.99995422363281,"ics_loss":2.2737367544323206e-13}